,0,1,2,3,4,5,6,7,8,9,10,11,12,13,14,15,16,17,18,19,20,21,22,23,24,25,26,27,28,29,30,31,32,33,34,35,36,37,38,39,40,41,42,43,44,45,46,47,48,49,50,51,52,53,54,55,56,57,58,59,60,61,62,63,64,65,66,67,68,69,70,71,72,73,74,75,76,77,78,79,80,81,82,83,84,85,86,87,88,89,90,91,92,93,94,95,96,97,98,99,100,101,102,103,104,105,106,107,108,109,110,111,112,113,114,115,116,117,118,119,120,121,122,123,124,125,126,127,128,129,130,131,132,133,134,135,136,137,138,139,140,141,142,143,144,145,146,147,148,149,150,151,152,153,154,155,156,157,158,159,160,161,162,163,164,165,166,167,168,169,170,171,172,173,174,175,176,177,178,179,180,181,182,183,184,185,186,187,188,189,190,191,192,193,194,195,196,197,198,199,200,201,202,203,204
0,0.49814513325691223,0.6544978022575378,-0.051725417375564575,0.5019933581352234,0.5981920957565308,-0.08910008519887924,0.49691927433013916,0.6168720126152039,-0.05253968760371208,0.5704175233840942,0.4520074129104614,0.021317576989531517,0.5020754337310791,0.5758807063102722,-0.0926264226436615,0.5001134872436523,0.5480462312698364,-0.08412075787782669,0.4938243627548218,0.4817654490470886,-0.03543884679675102,0.5967604517936707,0.4678325653076172,0.042862121015787125,0.49178844690322876,0.42852118611335754,-0.018479594960808754,0.4917827546596527,0.4002244472503662,-0.017512764781713486,0.4903416931629181,0.2980765402317047,0.008374477736651897,0.6493068933486938,0.44241470098495483,0.1489362269639969,0.29606080055236816,0.6357994675636292,0.1252131164073944,0.6169016361236572,0.7391202449798584,0.1056414544582367,0.5217951536178589,0.6499151587486267,-0.04769488424062729,0.4692067801952362,0.5567737817764282,-0.07359431684017181,0.5502669811248779,0.8453863263130188,0.01696331985294819,0.49485549330711365,0.7577534317970276,-0.034012217074632645,0.40606629848480225,0.47581344842910767,0.006148459389805794,0.4959329664707184,0.6705792546272278,-0.04208672046661377,0.4952099919319153,0.7337630987167358,-0.02784142456948757,0.30255186557769775,0.39322054386138916,0.09250728040933609,0.37938061356544495,0.805476188659668,0.03862440958619118,0.5375705361366272,0.7442891001701355,-0.018347853794693947,0.4927838444709778,0.8681330680847168,-0.005412550177425146,0.4344322383403778,0.47476062178611755,0.014227848500013351,0.6044104099273682,0.4042311906814575,0.02266017347574234,0.5238215923309326,0.41204366087913513,-0.010954436846077442,0.6305755376815796,0.36480462551116943,0.09470672905445099,0.4026683568954468,0.45225298404693604,0.005671966355293989,0.6296817064285278,0.6941196918487549,0.13437104225158691,0.37143224477767944,0.4693940281867981,0.022150637581944466,0.2954861521720886,0.486200749874115,0.08770275861024857,0.2899574339389801,0.43425285816192627,0.1178959459066391,0.5666936635971069,0.6865214109420776,0.013503039255738258,0.47166141867637634,0.6508485674858093,-0.051653821021318436,0.5092496871948242,0.5089472532272339,-0.045793041586875916,0.6264479160308838,0.41573774814605713,0.05253243446350098,0.3309187889099121,0.7403443455696106,0.08038027584552765,0.4274844825267792,0.8485199809074402,0.006817314308136702,0.3670957088470459,0.4082905650138855,0.002323086140677333,0.44512343406677246,0.7459905743598938,-0.026209237053990364,0.4579692482948303,0.42089956998825073,-0.01587287336587906,0.5439949035644531,0.5953526496887207,-0.04872746765613556,0.3109779357910156,0.69338059425354,0.10650902986526489,0.4036037027835846,0.6905736923217773,-0.0010412870906293392,0.35651662945747375,0.395987331867218,0.010615356266498566,0.6522411704063416,0.5364894866943359,0.11911311000585556,0.48117369413375854,0.5085121393203735,-0.048207446932792664,0.3352653682231903,0.4172910451889038,0.026833465322852135,0.5246386528015137,0.5994206070899963,-0.07092233002185822,0.5906210541725159,0.3790256679058075,0.0145807433873415,0.5285652875900269,0.3840036392211914,-0.01346123032271862,0.5376760363578796,0.3019059896469116,0.01583803817629814,0.40153050422668457,0.4641420841217041,0.01150291133671999,0.5635280609130859,0.4609331488609314,0.02667885087430477,0.4468381702899933,0.5954148769378662,-0.05565512925386429,0.2933233082294464,0.5303914546966553,0.08692481368780136,0.3532024025917053,0.324937641620636,0.042770661413669586,0.5354877710342407,0.46975117921829224,0.024323858320713043,0.45399942994117737,0.39435672760009766,-0.018930133432149887,0.526374340057373,0.5572552680969238,-0.06868061423301697,0.6033529043197632,0.7718216180801392,0.07785762846469879,0.6520790457725525,0.5806391835212708,0.11655879020690918,0.43988922238349915,0.2979288101196289,0.008568748831748962,0.4732188582420349,0.599391520023346,-0.0748601108789444,0.5655171275138855,0.4720049500465393,0.021438876166939735,0.5851516127586365,0.8019117116928101,0.056001584976911545,1.0
0,0.49336138367652893,0.6345537900924683,-0.05715999752283096,0.5093887448310852,0.5536109805107117,-0.09755782037973404,0.5041021704673767,0.577426552772522,-0.057854752987623215,0.5902166962623596,0.4230356812477112,0.027826853096485138,0.5104662775993347,0.5283701419830322,-0.1013897955417633,0.5099469423294067,0.4984121024608612,-0.09201688319444656,0.5070317387580872,0.4302435517311096,-0.038397327065467834,0.617382287979126,0.4423680901527405,0.05238010361790657,0.5066615343093872,0.38596510887145996,-0.02052043005824089,0.5076744556427002,0.3566945195198059,-0.019701585173606873,0.5095661878585815,0.23592689633369446,0.01119115762412548,0.668419599533081,0.4229750633239746,0.1738716959953308,0.29000043869018555,0.6110321283340454,0.137956440448761,0.6305948495864868,0.7464426755905151,0.12191422283649445,0.5204975605010986,0.6315217018127441,-0.05249910429120064,0.47733333706855774,0.5069407224655151,-0.08069795370101929,0.5516301393508911,0.8376082181930542,0.008665116503834724,0.49076831340789795,0.7067174911499023,-0.04727772995829582,0.40930062532424927,0.42976266145706177,0.007879210636019707,0.49247854948043823,0.6490960717201233,-0.0467597097158432,0.49185869097709656,0.6843705177307129,-0.03653059899806976,0.30823254585266113,0.33724352717399597,0.10156424343585968,0.37493693828582764,0.7860642671585083,0.034837935119867325,0.5395438075065613,0.7009714841842651,-0.026454390957951546,0.49208709597587585,0.8518053889274597,-0.020451335236430168,0.4473878741264343,0.42609480023384094,0.01713956706225872,0.6304423213005066,0.39183753728866577,0.027613138779997826,0.5421974658966064,0.3832000494003296,-0.011147163808345795,0.6520558595657349,0.33075255155563354,0.11198204755783081,0.4044385850429535,0.4070393443107605,0.0068976073525846004,0.6453647017478943,0.7031443119049072,0.15579909086227417,0.3696151375770569,0.4166944622993469,0.024645058438181877,0.29731184244155884,0.4377792477607727,0.09640444070100784,0.29417943954467773,0.38352400064468384,0.1300467550754547,0.5815967321395874,0.6549189686775208,0.016233602538704872,0.4667165279388428,0.6271966695785522,-0.057619672268629074,0.5219164490699768,0.45971882343292236,-0.04912267252802849,0.6512726545333862,0.40231484174728394,0.06247640401124954,0.3212971091270447,0.7202296853065491,0.08634695410728455,0.42575356364250183,0.8296187520027161,-0.00584102887660265,0.3617174029350281,0.3593786358833313,0.00017389508138876408,0.44315165281295776,0.6924639344215393,-0.036424800753593445,0.4684390425682068,0.37369149923324585,-0.018036238849163055,0.5562437176704407,0.5578213930130005,-0.05178501084446907,0.30167222023010254,0.6723629832267761,0.11630681157112122,0.4032149910926819,0.6429005265235901,-0.0020967663731426,0.3521382212638855,0.34532976150512695,0.009695795364677906,0.6719255447387695,0.5241502523422241,0.13893473148345947,0.4925503134727478,0.45676887035369873,-0.052397213876247406,0.33384281396865845,0.36289024353027344,0.027963979169726372,0.5336576700210571,0.5586593151092529,-0.07683450728654861,0.6164795160293579,0.3665908873081207,0.019177233800292015,0.5496334433555603,0.35829514265060425,-0.014090892858803272,0.557824969291687,0.244691401720047,0.021133234724402428,0.40438568592071533,0.41748160123825073,0.013632509857416153,0.5864633917808533,0.43237724900245667,0.033925965428352356,0.45030713081359863,0.5478484630584717,-0.061315376311540604,0.2924312353134155,0.4862685203552246,0.09573759883642197,0.36589980125427246,0.26035019755363464,0.046823762357234955,0.5475451350212097,0.43340837955474854,0.030593659728765488,0.46286070346832275,0.34503936767578125,-0.02163056842982769,0.5375889539718628,0.5127549171447754,-0.07404153048992157,0.6134979724884033,0.7753196954727173,0.08781075477600098,0.6707104444503784,0.5732256770133972,0.13601556420326233,0.4578058123588562,0.23221251368522644,0.010751181282103062,0.47878050804138184,0.5533382296562195,-0.08219843357801437,0.584971010684967,0.44548332691192627,0.028371676802635193,0.5910042524337769,0.801764965057373,0.05924857035279274,1.0
0,0.4779547452926636,0.7239943742752075,-0.046429526060819626,0.4690629243850708,0.6317887306213379,-0.09601332247257233,0.4707559645175934,0.6514087915420532,-0.048959892243146896,0.5748881101608276,0.44054555892944336,-0.0022543584927916527,0.4683842062950134,0.6076729893684387,-0.10287468880414963,0.46826881170272827,0.5747030377388,-0.09683887660503387,0.46888095140457153,0.4933737516403198,-0.051960982382297516,0.6103821396827698,0.45947736501693726,0.020348921418190002,0.468558669090271,0.4355672001838684,-0.04167761653661728,0.4679730534553528,0.40513527393341064,-0.04647575318813324,0.4663744270801544,0.2828197479248047,-0.03141520172357559,0.6679843664169312,0.4172276258468628,0.13015569746494293,0.29191869497299194,0.6458414793014526,0.18847963213920593,0.6456605195999146,0.7494152784347534,0.13387522101402283,0.5022456049919128,0.7162581086158752,-0.045049019157886505,0.4365392327308655,0.5851013660430908,-0.0788903683423996,0.5490647554397583,0.8746118545532227,0.04338594153523445,0.4802084267139435,0.7969821691513062,-0.027418268844485283,0.37829771637916565,0.4885954260826111,0.008635645732283592,0.478156715631485,0.742419421672821,-0.027948103845119476,0.47849059104919434,0.7433459162712097,-0.02515299804508686,0.29202622175216675,0.39069291949272156,0.10572295635938644,0.3671751618385315,0.8307227492332458,0.08909858763217926,0.5284839868545532,0.7833337783813477,-0.020238570868968964,0.4804629981517792,0.8975318670272827,0.02761455439031124,0.4135476350784302,0.48356205224990845,0.0124895628541708,0.6118394732475281,0.40608441829681396,-0.012498702853918076,0.5086950063705444,0.42401397228240967,-0.03707289323210716,0.6395451426506042,0.3373578190803528,0.05607782304286957,0.3696173131465912,0.457143098115921,0.004500357899814844,0.6627575159072876,0.6965571045875549,0.16073156893253326,0.3383629322052002,0.47588562965393066,0.029374994337558746,0.2835468649864197,0.49168533086776733,0.11588916927576065,0.28477752208709717,0.43298429250717163,0.14480239152908325,0.5575737953186035,0.7400417923927307,0.009719138033688068,0.45288193225860596,0.7144561409950256,-0.04345855116844177,0.4857539236545563,0.5248234868049622,-0.06212224066257477,0.6375023126602173,0.4113385081291199,0.01911352388560772,0.3217203915119171,0.7583205699920654,0.14528366923332214,0.4135931134223938,0.8769410848617554,0.04819861799478531,0.3304811418056488,0.4227500557899475,-0.0037684100680053234,0.4304662048816681,0.7808585166931152,-0.017076967284083366,0.4295196831226349,0.43661803007125854,-0.03492506220936775,0.52387535572052,0.6257079243659973,-0.05298247188329697,0.30443087220191956,0.7074429988861084,0.17335203289985657,0.3937986195087433,0.7336664199829102,0.015524535439908504,0.3229976296424866,0.4086953401565552,0.004734157584607601,0.6746960878372192,0.5261502265930176,0.10982339084148407,0.4525924026966095,0.5262460112571716,-0.06102552264928818,0.3075485825538635,0.4268229305744171,0.030150292441248894,0.49878281354904175,0.6287016272544861,-0.07765250653028488,0.5921421051025391,0.38331592082977295,-0.022874152287840843,0.5138620138168335,0.3943321108818054,-0.04558404162526131,0.5222795009613037,0.28232529759407043,-0.028184639289975166,0.37405452132225037,0.4709882438182831,0.012871901504695415,0.5720862150192261,0.458482563495636,0.006252643186599016,0.4186910390853882,0.6292808651924133,-0.05014525726437569,0.28130030632019043,0.5402276515960693,0.12365564703941345,0.32861530780792236,0.3206081688404083,0.029601702466607094,0.5268600583076477,0.4778384864330292,0.008609232492744923,0.4231390058994293,0.40742480754852295,-0.0432627834379673,0.5024224519729614,0.5826407670974731,-0.0809214860200882,0.6253819465637207,0.7901251912117004,0.1046428382396698,0.6742851138114929,0.5767984986305237,0.11587104946374893,0.41181454062461853,0.28720995783805847,-0.02478209137916565,0.44155770540237427,0.6307494640350342,-0.07609368860721588,0.5677313804626465,0.47947201132774353,0.001882655080407858,0.5986509323120117,0.8262577056884766,0.08115644752979279,0.0
0,0.4856492578983307,0.7089575529098511,-0.03554828092455864,0.46184608340263367,0.6387220621109009,-0.08649199455976486,0.46805304288864136,0.6558659076690674,-0.04153214767575264,0.5456308126449585,0.43307065963745117,-0.018672574311494827,0.4582374691963196,0.6136634945869446,-0.093999944627285,0.4550323784351349,0.5788155198097229,-0.09005794674158096,0.44875073432922363,0.4925173819065094,-0.0537240132689476,0.5792216658592224,0.4384716749191284,0.0017036919016391039,0.44149649143218994,0.42704951763153076,-0.04802119359374046,0.4368687570095062,0.3933344781398773,-0.05476763844490051,0.42214667797088623,0.26505762338638306,-0.05006267875432968,0.6530362367630005,0.3661724328994751,0.0960596352815628,0.3142293691635132,0.6801589131355286,0.19364668428897858,0.6562196016311646,0.7186655402183533,0.12377726286649704,0.506578266620636,0.6987106800079346,-0.03615851700305939,0.42947936058044434,0.5941765904426575,-0.07115104794502258,0.5622855424880981,0.8549357056617737,0.04881754890084267,0.4938929080963135,0.7567753791809082,-0.016206640750169754,0.37337830662727356,0.5082398653030396,0.006789031438529491,0.48824548721313477,0.7240172028541565,-0.018093857914209366,0.48841914534568787,0.7240315079689026,-0.01558377593755722,0.27462196350097656,0.4133651852607727,0.09811127930879593,0.4013228416442871,0.8470110297203064,0.10329489409923553,0.5327811241149902,0.7402424812316895,-0.011980701237916946,0.5025577545166016,0.886946439743042,0.03923969715833664,0.4066457748413086,0.4925280213356018,0.007299461867660284,0.5766429901123047,0.3644053339958191,-0.03063853085041046,0.47990483045578003,0.41427478194236755,-0.04696030542254448,0.6083034873008728,0.28601670265197754,0.022624779492616653,0.364582359790802,0.47056862711906433,0.0016907509416341782,0.6716355681419373,0.6633289456367493,0.14513005316257477,0.33919596672058105,0.4962913990020752,0.02859342284500599,0.28122973442077637,0.521101713180542,0.1153659000992775,0.27450889348983765,0.459195077419281,0.13868893682956696,0.559581995010376,0.7081217765808105,0.013237583450973034,0.4630109369754791,0.7083313465118408,-0.031517308205366135,0.4671587646007538,0.5228756666183472,-0.06258068233728409,0.6069046258926392,0.3599366545677185,-0.004627351649105549,0.35325759649276733,0.7873128056526184,0.15751701593399048,0.444742351770401,0.8803060054779053,0.06278403103351593,0.32185110449790955,0.4412892460823059,-0.0038778199814260006,0.45230546593666077,0.7565417885780334,-0.003122535767033696,0.4102616608142853,0.43855875730514526,-0.04010559991002083,0.5136879682540894,0.6208268404006958,-0.050480980426073074,0.33254867792129517,0.7400519251823425,0.18247346580028534,0.4156302809715271,0.7400298118591309,0.030450718477368355,0.3121364712715149,0.4270227551460266,0.003052468178793788,0.666645884513855,0.48403286933898926,0.08560121804475784,0.4373992085456848,0.5300790071487427,-0.05936509370803833,0.2997577488422394,0.44784805178642273,0.028674421831965446,0.48983311653137207,0.6308220028877258,-0.07173773646354675,0.5539796352386475,0.3427276015281677,-0.04161987453699112,0.47967252135276794,0.3811047673225403,-0.05672793835401535,0.4766451418399811,0.25267648696899414,-0.051025159657001495,0.37323421239852905,0.4879951477050781,0.010058886371552944,0.5447637438774109,0.4445372223854065,-0.009654887951910496,0.42012399435043335,0.6416338086128235,-0.04168719798326492,0.28624239563941956,0.5725639462471008,0.12659767270088196,0.2988155484199524,0.33120596408843994,0.01904715970158577,0.5046899318695068,0.4645267426967621,-0.005193396005779505,0.40129750967025757,0.40931883454322815,-0.0493662990629673,0.4875478446483612,0.5807139873504639,-0.07738801091909409,0.635459840297699,0.7617919445037842,0.09911496937274933,0.6707740426063538,0.5379873514175415,0.0948042944073677,0.37154000997543335,0.2801596224308014,-0.0404798798263073,0.43893030285835266,0.6416950821876526,-0.06681560724973679,0.5440725684165955,0.46260422468185425,-0.01306681428104639,0.6086556315422058,0.8009568452835083,0.07970558106899261,0.0
0,0.5256651639938354,0.696500837802887,-0.02987973392009735,0.5307314395904541,0.6322676539421082,-0.08477404713630676,0.5292773246765137,0.6472306251525879,-0.040598150342702866,0.6071922183036804,0.44706928730010986,-0.00796434935182333,0.5303611159324646,0.6086660027503967,-0.09246882796287537,0.5290992259979248,0.5758238434791565,-0.08954108506441116,0.5255239009857178,0.4945336580276489,-0.05700875446200371,0.6354628801345825,0.46434473991394043,0.01547301560640335,0.5236923098564148,0.4388890862464905,-0.05255091190338135,0.5230488181114197,0.4088614881038666,-0.059658024460077286,0.5197110772132874,0.2875458002090454,-0.0592653825879097,0.6951795220375061,0.42109596729278564,0.11210917681455612,0.3416152000427246,0.6436793208122253,0.15400490164756775,0.6706207394599915,0.7424314022064209,0.14511241018772125,0.5494240522384644,0.6915699243545532,-0.02744264341890812,0.5007142424583435,0.5842127799987793,-0.07580702751874924,0.5884841084480286,0.8527876734733582,0.06419330090284348,0.5267725586891174,0.7543445229530334,-0.00918268971145153,0.4400000274181366,0.4936290979385376,-0.011331764049828053,0.5259847044944763,0.7079746127128601,-0.014752828516066074,0.5264098644256592,0.7331304550170898,-0.007332738488912582,0.33891698718070984,0.3882513642311096,0.054837990552186966,0.427959144115448,0.8165209293365479,0.08922678232192993,0.5706278681755066,0.7419939637184143,0.005319519434124231,0.5334323644638062,0.8740976452827454,0.04482632130384445,0.47665849328041077,0.4871429204940796,-0.0063223522156476974,0.6429557204246521,0.41797900199890137,-0.018502408638596535,0.5569539070129395,0.4390244483947754,-0.04677470400929451,0.6698685884475708,0.3439217209815979,0.0365973599255085,0.4337235391139984,0.45746228098869324,-0.017219122499227524,0.6856024265289307,0.6944841146469116,0.16572299599647522,0.4036875367164612,0.4726651906967163,0.0034728990867733955,0.33488982915878296,0.4890034794807434,0.07649412751197815,0.3293724060058594,0.429822713136673,0.09287720918655396,0.6078152060508728,0.6911149024963379,0.03744840994477272,0.5021750330924988,0.6932141780853271,-0.029851987957954407,0.5406728982925415,0.5261123180389404,-0.06214875727891922,0.6656319499015808,0.4185622036457062,0.01079501025378704,0.37628352642059326,0.7504763007164001,0.12879332900047302,0.4742916226387024,0.8580586910247803,0.05757011100649834,0.392516553401947,0.4154614210128784,-0.03040204755961895,0.48337385058403015,0.7447391152381897,0.0009397874237038195,0.4884180426597595,0.439990371465683,-0.04983054846525192,0.5751837491989136,0.6210218667984009,-0.04389329254627228,0.3558318614959717,0.7030276656150818,0.1479625701904297,0.4453418552875519,0.6971501111984253,0.02929798699915409,0.38338756561279297,0.3994455933570862,-0.025658760219812393,0.7000027298927307,0.5277500152587891,0.10598228126764297,0.5125516653060913,0.5269280672073364,-0.06365979462862015,0.36757808923721313,0.4159187078475952,-0.003903018543496728,0.5545349717140198,0.6283122301101685,-0.06718315184116364,0.6272510886192322,0.39727360010147095,-0.03195798397064209,0.5618762373924255,0.41209015250205994,-0.0564541332423687,0.5686590075492859,0.28841274976730347,-0.05225476622581482,0.43768998980522156,0.4750819802284241,-0.008583097718656063,0.6012740731239319,0.4652593731880188,0.00026445955154486,0.4818095266819,0.6244242191314697,-0.048334430903196335,0.3343074917793274,0.5369250774383545,0.08801387995481491,0.3849717378616333,0.31916162371635437,-0.01329753827303648,0.5671875476837158,0.4809522032737732,-0.0007409658865071833,0.48255765438079834,0.4119645357131958,-0.059700317680835724,0.5563310384750366,0.5824730396270752,-0.07273032516241074,0.6520469784736633,0.7776409387588501,0.12077739089727402,0.7003105878829956,0.5765820741653442,0.11551900953054428,0.46952375769615173,0.28966429829597473,-0.056967005133628845,0.5047572255134583,0.6301804184913635,-0.06966975331306458,0.6021704077720642,0.48270878195762634,-0.0024416563101112843,0.628218948841095,0.8091578483581543,0.10046199709177017,1.0
0,0.4732055068016052,0.7035152912139893,-0.036299388855695724,0.47688600420951843,0.6477564573287964,-0.09180775284767151,0.4748760461807251,0.6641442775726318,-0.04729607701301575,0.5786601305007935,0.4998044967651367,-0.005401037633419037,0.4790188670158386,0.6238836050033569,-0.09876967966556549,0.4813643991947174,0.592736542224884,-0.09414655715227127,0.48665812611579895,0.5180608630180359,-0.055191732943058014,0.6069201231002808,0.5180309414863586,0.017500512301921844,0.49088209867477417,0.46417349576950073,-0.046450816094875336,0.49354875087738037,0.43419936299324036,-0.05156949907541275,0.5039772987365723,0.31316515803337097,-0.044519007205963135,0.6736376285552979,0.4906458258628845,0.11699991673231125,0.2840155363082886,0.6486573219299316,0.16429279744625092,0.612478494644165,0.8015770316123962,0.13288746774196625,0.5012531280517578,0.7029215097427368,-0.034858282655477524,0.4509168565273285,0.5970160365104675,-0.07916388660669327,0.5110061168670654,0.8906967639923096,0.049466460943222046,0.46296408772468567,0.79520583152771,-0.016969891265034676,0.4045877754688263,0.49988219141960144,-0.0032057943753898144,0.47103580832481384,0.7194131016731262,-0.02309958077967167,0.46518832445144653,0.764579176902771,-0.01158998254686594,0.31304097175598145,0.39312613010406494,0.0778457447886467,0.35091298818588257,0.8288133144378662,0.08639136701822281,0.5168474316596985,0.7872123718261719,-0.001707462128251791,0.4514109790325165,0.901887059211731,0.03145269677042961,0.43464916944503784,0.5060189366340637,0.0015525342896580696,0.616946280002594,0.4662379026412964,-0.014083082787692547,0.5245936512947083,0.46895086765289307,-0.04134924337267876,0.656387448310852,0.40456146001815796,0.04499053210020065,0.4026767611503601,0.4790950119495392,-0.007759475149214268,0.6345636248588562,0.7590758800506592,0.15613308548927307,0.3700706362724304,0.4867974519729614,0.014266615733504295,0.2957693934440613,0.4910016357898712,0.0918084979057312,0.29894939064979553,0.4343441128730774,0.1148914098739624,0.5656324028968811,0.7217630743980408,0.032481029629707336,0.4449481666088104,0.6950934529304504,-0.03518282249569893,0.4988403022289276,0.5502554178237915,-0.06278252601623535,0.6416596174240112,0.4722940921783447,0.015150855295360088,0.3058848977088928,0.7585757970809937,0.1311936378479004,0.3928475081920624,0.8760037422180176,0.04933784902095795,0.37095287442207336,0.42668429017066956,-0.01710915006697178,0.4088662266731262,0.7725286483764648,-0.0024432064965367317,0.4610311686992645,0.4586040675640106,-0.04206037148833275,0.5269510746002197,0.6466116309165955,-0.05122806876897812,0.29088497161865234,0.709394097328186,0.1540651172399521,0.36686038970947266,0.6927972435951233,0.031139357015490532,0.3627229332923889,0.4117189943790436,-0.010708642192184925,0.6677047610282898,0.5938936471939087,0.10623102635145187,0.46974319219589233,0.5461952090263367,-0.0630977526307106,0.3406236171722412,0.4285793602466583,0.011107094585895538,0.5031066536903381,0.6499989032745361,-0.07445215433835983,0.6009228825569153,0.44111400842666626,-0.025889959186315536,0.5312575101852417,0.4418935775756836,-0.049556657671928406,0.5554145574569702,0.32320642471313477,-0.03962906077504158,0.40270814299583435,0.49189484119415283,0.0004240754060447216,0.5745725631713867,0.509937584400177,0.0027483426965773106,0.4265519082546234,0.6328822374343872,-0.05223295837640762,0.2886684536933899,0.5375425219535828,0.10092467069625854,0.36488229036331177,0.32772672176361084,0.0086591811850667,0.5344399213790894,0.5154942870140076,0.003200802719220519,0.4595833420753479,0.42978885769844055,-0.05036289989948273,0.5094192028045654,0.6051252484321594,-0.078499935567379,0.5883259177207947,0.8305519223213196,0.10773850977420807,0.6632640361785889,0.6415493488311768,0.11304248869419098,0.4521021544933319,0.3076510727405548,-0.03998027741909027,0.45017167925834656,0.6425133347511292,-0.07502306252717972,0.5716949701309204,0.5225961208343506,-0.0008860269444994628,0.5587485432624817,0.8559491634368896,0.08703721314668655,1.0
0,0.4666427671909332,0.6907356977462769,-0.04318810626864433,0.46548154950141907,0.59955233335495,-0.09783747047185898,0.46695607900619507,0.6202912330627441,-0.05059592425823212,0.5742801427841187,0.4044358730316162,-0.009750123135745525,0.4659985601902008,0.5715410709381104,-0.10490739345550537,0.4674351215362549,0.534164309501648,-0.0996035784482956,0.47161880135536194,0.44459807872772217,-0.056761737912893295,0.605984091758728,0.4221724271774292,0.012571287341415882,0.4736610949039459,0.37980926036834717,-0.04752305895090103,0.4743592441082001,0.3455229699611664,-0.05273729935288429,0.478291392326355,0.2144678235054016,-0.04232035204768181,0.6742290258407593,0.38461506366729736,0.11602593958377838,0.2930871844291687,0.6095848083496094,0.1857432723045349,0.6375778913497925,0.7555264234542847,0.1320517361164093,0.49470993876457214,0.684181272983551,-0.04253188148140907,0.43471404910087585,0.5422325134277344,-0.08151331543922424,0.5319764018058777,0.8933390974998474,0.05170333757996559,0.4627997577190399,0.7889283895492554,-0.017392436042428017,0.38600125908851624,0.4290730953216553,0.004669917747378349,0.4663022458553314,0.7080850601196289,-0.026964815333485603,0.4646734297275543,0.7375671863555908,-0.015590311028063297,0.3025417923927307,0.3248417377471924,0.09756854176521301,0.35172852873802185,0.8268506526947021,0.09800923615694046,0.5148382186889648,0.7690643668174744,-0.007436184678226709,0.45986926555633545,0.9159973859786987,0.037394870072603226,0.42147180438041687,0.42419737577438354,0.007608497049659491,0.6171406507492065,0.36097460985183716,-0.02114017680287361,0.5137885212898254,0.3721545338630676,-0.044085223227739334,0.647332489490509,0.29040446877479553,0.04268251731991768,0.38007983565330505,0.3979068994522095,2.219861198682338e-05,0.6579275131225586,0.697780966758728,0.15583810210227966,0.3498627543449402,0.4126259386539459,0.02565838024020195,0.2906973361968994,0.4348868727684021,0.11171340197324753,0.29428762197494507,0.3721123933792114,0.13654230535030365,0.5554943680763245,0.6937260627746582,0.02164280042052269,0.44014981389045715,0.6796863675117493,-0.04016491025686264,0.48675012588500977,0.48051023483276367,-0.06621557474136353,0.6417704224586487,0.3662165701389313,0.00888404343277216,0.3147716522216797,0.7388637661933899,0.14797310531139374,0.39330849051475525,0.8863183856010437,0.058628976345062256,0.3425755798816681,0.34921160340309143,-0.008011521771550179,0.41442859172821045,0.76275634765625,-0.0026772047858685255,0.4389145076274872,0.36755675077438354,-0.04072500020265579,0.5258866548538208,0.5931916236877441,-0.05657706409692764,0.3015727996826172,0.679468035697937,0.1735016256570816,0.38140687346458435,0.6788629293441772,0.030720118433237076,0.33486267924308777,0.33205941319465637,-0.000107682375528384,0.6770223379135132,0.5049252510070801,0.10089460015296936,0.4540722668170929,0.479350209236145,-0.06464757770299911,0.3185584545135498,0.35151582956314087,0.025039048865437508,0.49770399928092957,0.5988925695419312,-0.0804334282875061,0.5999265909194946,0.33206045627593994,-0.031939975917339325,0.5208759307861328,0.33890286087989807,-0.05291835591197014,0.533263623714447,0.2181209921836853,-0.0398608073592186,0.38362425565719604,0.41127723455429077,0.00856165960431099,0.5698943138122559,0.4169190227985382,-0.0009769212920218706,0.41171157360076904,0.5874443650245667,-0.05240422487258911,0.2860702872276306,0.4880908131599426,0.12083393335342407,0.3418484330177307,0.2465592920780182,0.02158454619348049,0.52369225025177,0.4283965229988098,0.0018114142585545778,0.43452903628349304,0.3344478905200958,-0.049290649592876434,0.5017040371894836,0.545137882232666,-0.08447644114494324,0.6145768761634827,0.7994579672813416,0.10693661123514175,0.676509439945221,0.560924232006073,0.10807238519191742,0.4249037206172943,0.215082049369812,-0.034860022366046906,0.4361700117588043,0.5952706933021545,-0.07813654094934464,0.5663812756538391,0.4323137402534485,-0.004985317122191191,0.5854079723358154,0.8388001918792725,0.08672790974378586,0.0
0,0.4881567656993866,0.7248862385749817,-0.04038703069090843,0.47480127215385437,0.6342649459838867,-0.09853050112724304,0.47740763425827026,0.6532902121543884,-0.04952381178736687,0.5867194533348083,0.4506153464317322,-0.013314791023731232,0.4751863181591034,0.6067613363265991,-0.10618312656879425,0.47699636220932007,0.5694714784622192,-0.1011570617556572,0.48292914032936096,0.4795808792114258,-0.05950837954878807,0.6211767196655273,0.46911853551864624,0.010123463347554207,0.48576992750167847,0.420057475566864,-0.051378779113292694,0.486834317445755,0.38587701320648193,-0.05764809250831604,0.4929157793521881,0.24766820669174194,-0.048393361270427704,0.7023889422416687,0.42241495847702026,0.1169939935207367,0.3070386052131653,0.6467320322990417,0.19785328209400177,0.652153491973877,0.7828140258789062,0.13685917854309082,0.5146350264549255,0.7177053093910217,-0.04031718894839287,0.4465598464012146,0.5777955651283264,-0.08189115673303604,0.543516993522644,0.9045836329460144,0.050094686448574066,0.482369989156723,0.8044824004173279,-0.019687483087182045,0.3997401297092438,0.47584182024002075,0.0058320448733866215,0.4860394597053528,0.7443990111351013,-0.023067887872457504,0.48517730832099915,0.7510436177253723,-0.016149723902344704,0.31075429916381836,0.3615787923336029,0.10223335772752762,0.3713209927082062,0.8439278602600098,0.10269179940223694,0.534092903137207,0.7853813171386719,-0.010696607641875744,0.4750148355960846,0.9207966327667236,0.03549686074256897,0.4388754069805145,0.4713141918182373,0.007952435873448849,0.6336779594421387,0.40239864587783813,-0.026370001956820488,0.523577094078064,0.4153909385204315,-0.048105720430612564,0.6752814054489136,0.3277631103992462,0.03856770694255829,0.398884654045105,0.44113194942474365,0.00045521053834818304,0.6745309829711914,0.730445921421051,0.1615174114704132,0.3663356900215149,0.4574078917503357,0.028244761750102043,0.30089184641838074,0.4726315140724182,0.11940699070692062,0.30295509099960327,0.4091546833515167,0.1444273293018341,0.5713789463043213,0.7270311117172241,0.020676368847489357,0.4617267847061157,0.7152799963951111,-0.03711201250553131,0.49741530418395996,0.5157822966575623,-0.06878722459077835,0.664226770401001,0.4082196354866028,0.00520792230963707,0.3319864869117737,0.765702486038208,0.158359095454216,0.4122493863105774,0.8959582448005676,0.05902734771370888,0.357617050409317,0.3927718997001648,-0.008006088435649872,0.43008729815483093,0.7822255492210388,-0.004381183534860611,0.45519164204597473,0.4089423418045044,-0.04336106777191162,0.5344944596290588,0.6269225478172302,-0.05680537968873978,0.3170699179172516,0.7124432325363159,0.1852220594882965,0.39411017298698425,0.7178258895874023,0.03240343555808067,0.3495296239852905,0.37782853841781616,0.0004901780630461872,0.6979004144668579,0.5420888662338257,0.10250694304704666,0.4653779864311218,0.5146578550338745,-0.06658045202493668,0.33246779441833496,0.4007369577884674,0.027604617178440094,0.5067446827888489,0.6326498985290527,-0.08114755898714066,0.6143724322319031,0.37397509813308716,-0.0373261421918869,0.5298818945884705,0.3834306001663208,-0.057873062789440155,0.5508648157119751,0.2513217628002167,-0.04653870686888695,0.4040607511997223,0.4573315382003784,0.00964550394564867,0.5820850729942322,0.4664616584777832,-0.0036494864616543055,0.4246487319469452,0.6222082376480103,-0.05096041038632393,0.2978746294975281,0.5255934596061707,0.12981823086738586,0.35112106800079346,0.2815454304218292,0.020770356059074402,0.5366743803024292,0.4719502329826355,-0.00018102405010722578,0.4503703713417053,0.3759433627128601,-0.05283627286553383,0.5104615092277527,0.5803378820419312,-0.08605443686246872,0.6275061368942261,0.8223163485527039,0.10995807498693466,0.6938204765319824,0.5970913767814636,0.11077897250652313,0.437592089176178,0.2482633888721466,-0.03972822055220604,0.4474200904369354,0.6297745108604431,-0.07790301740169525,0.5819500684738159,0.48527559638023376,-0.0076203602366149426,0.597221314907074,0.8578994870185852,0.08763838559389114,1.0
0,0.4864993691444397,0.6941112875938416,-0.03205721452832222,0.4910287857055664,0.6342012882232666,-0.09552938491106033,0.4887179434299469,0.6487876176834106,-0.046641841530799866,0.5924041271209717,0.4391871690750122,-0.008572356775403023,0.49218159914016724,0.6073353290557861,-0.10392842441797256,0.4930442273616791,0.5698845386505127,-0.10043542087078094,0.49473780393600464,0.47798120975494385,-0.06345006078481674,0.6241015791893005,0.45647042989730835,0.01648959144949913,0.4963933527469635,0.41670188307762146,-0.056897565722465515,0.4975211024284363,0.3832329511642456,-0.06412861496210098,0.5014699697494507,0.24266409873962402,-0.06186860799789429,0.6881498098373413,0.4080160856246948,0.12039796262979507,0.28498104214668274,0.6216659545898438,0.17303290963172913,0.649720311164856,0.7707196474075317,0.1531490832567215,0.5150339603424072,0.6914754509925842,-0.03027973510324955,0.4596775472164154,0.5751951932907104,-0.08450566232204437,0.5451430678367615,0.8946244716644287,0.06225375831127167,0.4811398684978485,0.7536571621894836,-0.014671608805656433,0.3986969292163849,0.45310139656066895,-0.008861459791660309,0.4849390685558319,0.7066691517829895,-0.01570112071931362,0.4832901358604431,0.726207971572876,-0.008565723896026611,0.3017054796218872,0.3368218243122101,0.06765729188919067,0.36223357915878296,0.8326675891876221,0.09694217145442963,0.5324972867965698,0.7440546154975891,0.0025160189252346754,0.47889718413352966,0.9136070013046265,0.04083660989999771,0.43655747175216675,0.45387691259384155,-0.0037237070500850677,0.6261460781097412,0.40775009989738464,-0.02129039354622364,0.5300334692001343,0.42596590518951416,-0.05079264938831329,0.6650427579879761,0.3202465772628784,0.03930647671222687,0.39417755603790283,0.4262269139289856,-0.014981092885136604,0.6683764457702637,0.716113805770874,0.17629994451999664,0.3578653335571289,0.4372783899307251,0.008245861157774925,0.28979846835136414,0.4491482973098755,0.0900784507393837,0.28936833143234253,0.38139963150024414,0.10892749577760696,0.580665111541748,0.6946810483932495,0.0414954237639904,0.45807182788848877,0.6856601238250732,-0.031888604164123535,0.5096985697746277,0.5147006511688232,-0.06960819661617279,0.6528716683387756,0.41165149211883545,0.01053546741604805,0.3108457326889038,0.7482369542121887,0.14320644736289978,0.41230782866477966,0.8880138397216797,0.05816898122429848,0.3566294312477112,0.38860124349594116,-0.029538098722696304,0.43062344193458557,0.7332693338394165,-0.0005088829202577472,0.46034201979637146,0.4154561758041382,-0.05302394926548004,0.5464374423027039,0.6218655705451965,-0.050666190683841705,0.29398196935653687,0.6908615827560425,0.16543278098106384,0.38539326190948486,0.6720681190490723,0.03569958359003067,0.34967300295829773,0.37376266717910767,-0.02348506636917591,0.689110279083252,0.5283379554748535,0.11460190266370773,0.4779113531112671,0.5128627419471741,-0.07064420729875565,0.3301127851009369,0.38781386613845825,0.000666931620799005,0.520657479763031,0.6316405534744263,-0.07640624791383743,0.6068601608276367,0.3843957781791687,-0.035186104476451874,0.5345185995101929,0.39716482162475586,-0.06126962602138519,0.5561845302581787,0.24820604920387268,-0.055192213505506516,0.3908834457397461,0.4394778609275818,-0.005641391966491938,0.591991662979126,0.4509236216545105,0.0004915047320537269,0.4332984387874603,0.6156975626945496,-0.053743548691272736,0.2850300967693329,0.5020352602005005,0.10233685374259949,0.35351818799972534,0.26606208086013794,-0.0074841901659965515,0.548965334892273,0.4640441834926605,0.0003340356342960149,0.45670801401138306,0.38555219769477844,-0.06360139697790146,0.5244837999343872,0.5790010690689087,-0.0823742002248764,0.6266865134239197,0.811163604259491,0.12658916413784027,0.6884444952011108,0.5829470753669739,0.12446873635053635,0.44583189487457275,0.2404802143573761,-0.057895924896001816,0.45987287163734436,0.6282209753990173,-0.07812245935201645,0.5857810378074646,0.4653207063674927,-0.002701026387512684,0.5963314771652222,0.8466342091560364,0.10394417494535446,1.0
0,0.48614370822906494,0.6767829656600952,-0.05405382812023163,0.48719897866249084,0.6167934536933899,-0.09517914056777954,0.48746249079704285,0.6406798362731934,-0.05292842909693718,0.585005521774292,0.44525888562202454,0.013691495172679424,0.486986368894577,0.590157151222229,-0.10001744329929352,0.4868220388889313,0.5562911033630371,-0.09128914028406143,0.4865775406360626,0.47613444924354553,-0.03872017189860344,0.6182062029838562,0.4631024897098541,0.03649895265698433,0.4861198663711548,0.4141210615634918,-0.022692400962114334,0.485932320356369,0.3794620633125305,-0.023740708827972412,0.4851440191268921,0.25456979870796204,0.0032521807588636875,0.6949962377548218,0.4270436763763428,0.155150905251503,0.29170483350753784,0.6734398603439331,0.17577135562896729,0.6608659029006958,0.7793154120445251,0.11647257208824158,0.5111384987831116,0.6743003726005554,-0.052217286080121994,0.4551037847995758,0.568809449672699,-0.0755554661154747,0.5547672510147095,0.8806052803993225,0.0071687763556838036,0.48874157667160034,0.7598718404769897,-0.049187373369932175,0.3940660059452057,0.48274561762809753,0.016802089288830757,0.48630958795547485,0.6948450803756714,-0.03946644067764282,0.4887944161891937,0.7291994690895081,-0.03975098952651024,0.2915787696838379,0.3849468231201172,0.12523873150348663,0.3725712299346924,0.8483221530914307,0.05596812441945076,0.5350279211997986,0.7496470808982849,-0.03913601487874985,0.4867366552352905,0.8971913456916809,-0.013569571077823639,0.432682603597641,0.47737428545951843,0.022514646872878075,0.6249843239784241,0.3961639404296875,0.011768664233386517,0.523151159286499,0.415571928024292,-0.017142752185463905,0.6652771234512329,0.32978883385658264,0.08917341381311417,0.3905589282512665,0.45071011781692505,0.015040815807878971,0.6803554892539978,0.7310984134674072,0.14942459762096405,0.35835158824920654,0.46912723779678345,0.038608066737651825,0.28319209814071655,0.49509578943252563,0.12366653978824615,0.28202974796295166,0.4347703456878662,0.15913961827754974,0.5648072957992554,0.7144784927368164,-0.0015443543670699,0.4617263078689575,0.6747268438339233,-0.05152186378836632,0.5029484629631042,0.5081849098205566,-0.051313623785972595,0.6544443964958191,0.402490496635437,0.0432148315012455,0.3235431909561157,0.7853982448577881,0.12019961327314377,0.42070382833480835,0.8839524984359741,0.009084785357117653,0.34486421942710876,0.4024568200111389,0.013892089016735554,0.4425227642059326,0.7496623992919922,-0.037731532007455826,0.4479861259460449,0.4150378108024597,-0.016776327043771744,0.5411048531532288,0.6152358651161194,-0.05286690965294838,0.30508604645729065,0.7369018793106079,0.15327270328998566,0.4119499623775482,0.715175449848175,0.0009217386832460761,0.3344404101371765,0.38721179962158203,0.02399320900440216,0.6976947784423828,0.5415186882019043,0.12179431319236755,0.47063738107681274,0.5089728236198425,-0.05104777589440346,0.316304087638855,0.41180017590522766,0.046106595546007156,0.5161358714103699,0.6177012920379639,-0.0766628235578537,0.6051353216171265,0.36858999729156494,0.0031261250842362642,0.5277971029281616,0.3821837306022644,-0.022087473422288895,0.542388379573822,0.25593501329421997,0.007007448002696037,0.395586758852005,0.4678223133087158,0.02239079400897026,0.5800454616546631,0.4604962170124054,0.020946035161614418,0.434977263212204,0.6171668767929077,-0.05201665684580803,0.28174787759780884,0.5481787323951721,0.1257493793964386,0.33659976720809937,0.298261821269989,0.05734959617257118,0.5397084951400757,0.4740111231803894,0.022007539868354797,0.44152718782424927,0.38203132152557373,-0.021610626950860023,0.519074022769928,0.5675057172775269,-0.07608665525913239,0.6378669142723083,0.8134625554084778,0.08148524165153503,0.6962099075317383,0.596143364906311,0.12161377817392349,0.4282078742980957,0.2582179009914398,0.007759211119264364,0.4590339660644531,0.6182518601417542,-0.0762861967086792,0.5809606313705444,0.47674429416656494,0.015273837372660637,0.6078459024429321,0.8433026671409607,0.05320359393954277,1.0
0,0.472201943397522,0.6269014477729797,-0.06881476938724518,0.45570865273475647,0.5173599720001221,-0.10665790736675262,0.46295902132987976,0.5492130517959595,-0.06483647227287292,0.562405526638031,0.35989755392074585,0.011429766193032265,0.4536232352256775,0.48936453461647034,-0.10991695523262024,0.45321452617645264,0.45735442638397217,-0.09834390133619308,0.4544043242931366,0.385276198387146,-0.03558628261089325,0.5995487570762634,0.37458258867263794,0.029459495097398758,0.45307987928390503,0.3334815502166748,-0.013796883635222912,0.45132380723953247,0.30078649520874023,-0.011272753588855267,0.44792380928993225,0.18222695589065552,0.028416834771633148,0.6885451674461365,0.34588998556137085,0.14758002758026123,0.290865033864975,0.648781418800354,0.19708509743213654,0.6770234704017639,0.7232220768928528,0.08450312167406082,0.5003386735916138,0.6200734376907349,-0.06928551197052002,0.42384952306747437,0.4766099452972412,-0.07864229381084442,0.5643203258514404,0.8447258472442627,-0.016346514225006104,0.47388285398483276,0.6948171257972717,-0.05636738985776901,0.3695417642593384,0.4061317443847656,0.03789868950843811,0.4739522635936737,0.6412472724914551,-0.057438336312770844,0.47667601704597473,0.6750726699829102,-0.046010665595531464,0.27753475308418274,0.34766897559165955,0.17006544768810272,0.3707984685897827,0.8210350275039673,0.057326748967170715,0.5286331176757812,0.681164562702179,-0.04817720130085945,0.48885688185691833,0.8723846077919006,-0.03086119517683983,0.40723609924316406,0.39608263969421387,0.04010707139968872,0.6045842170715332,0.3035973608493805,0.006125650834292173,0.494303435087204,0.3186233341693878,-0.012086979113519192,0.6419298052787781,0.24444755911827087,0.09160054475069046,0.36672669649124146,0.3811908960342407,0.038293372839689255,0.6975887417793274,0.669571042060852,0.11911481618881226,0.33491194248199463,0.40168672800064087,0.06492980569601059,0.27046412229537964,0.4565035104751587,0.15920953452587128,0.2716982364654541,0.402118980884552,0.20183654129505157,0.5784084796905518,0.6400593519210815,-0.015163952484726906,0.4465034604072571,0.6260965466499329,-0.06282571703195572,0.47127261757850647,0.4133656919002533,-0.052849993109703064,0.637719452381134,0.31387749314308167,0.03636797517538071,0.32452505826950073,0.7619995474815369,0.1278320997953415,0.4171386957168579,0.8587589263916016,0.0021056814584881067,0.3196521997451782,0.33865445852279663,0.041568633168935776,0.42961835861206055,0.6920924782752991,-0.03507387265563011,0.419391393661499,0.32947102189064026,-0.0024325752165168524,0.5188677310943604,0.5162763595581055,-0.06773805618286133,0.30574485659599304,0.7140248417854309,0.16737636923789978,0.39457327127456665,0.6589820981025696,0.009947728365659714,0.309807151556015,0.3266603648662567,0.054875168949365616,0.6963159441947937,0.4569580852985382,0.10344771295785904,0.43899351358413696,0.4178313612937927,-0.04857118800282478,0.2941669821739197,0.35543757677078247,0.0794297531247139,0.48845839500427246,0.5184739232063293,-0.08995618671178818,0.5831460356712341,0.27677708864212036,0.003269636072218418,0.4987010657787323,0.28729620575904846,-0.014416472986340523,0.5037363171577454,0.17679160833358765,0.02626250497996807,0.3751320242881775,0.39228957891464233,0.044411856681108475,0.5629634261131287,0.3720288574695587,0.018221402540802956,0.40775832533836365,0.5310399532318115,-0.056149933487176895,0.2689138650894165,0.5105448365211487,0.15718364715576172,0.31496796011924744,0.24859988689422607,0.0994909331202507,0.5157709121704102,0.3811483383178711,0.024044493213295937,0.4110541045665741,0.2974708080291748,-0.004181370139122009,0.48907145857810974,0.4677655100822449,-0.08683143556118011,0.6524353623390198,0.7611129283905029,0.05188002809882164,0.7003965973854065,0.5136492848396301,0.09895982593297958,0.39573729038238525,0.1936328113079071,0.03955107182264328,0.43085435032844543,0.525741696357727,-0.08353044837713242,0.5596786141395569,0.3864070773124695,0.011433199048042297,0.6211698651313782,0.7960494756698608,0.026785926893353462,0.0
0,0.4617682993412018,0.7207075357437134,-0.03993164747953415,0.45835524797439575,0.6512210369110107,-0.0867176353931427,0.4602642059326172,0.6690801382064819,-0.04448365047574043,0.5566628575325012,0.493263304233551,-0.002837091451510787,0.4585456848144531,0.6281643509864807,-0.0929112583398819,0.4596277177333832,0.5975568890571594,-0.08752327412366867,0.4632077217102051,0.5240182280540466,-0.04771251976490021,0.5869520306587219,0.5118803381919861,0.01773783564567566,0.4649572968482971,0.4768923819065094,-0.03880941495299339,0.46560952067375183,0.4491770565509796,-0.043346062302589417,0.46898677945137024,0.33027949929237366,-0.02946755290031433,0.6512781381607056,0.47445499897003174,0.11757010966539383,0.30239051580429077,0.6712594628334045,0.16980673372745514,0.6177855134010315,0.782189130783081,0.11958852410316467,0.48361968994140625,0.7166772484779358,-0.03915911912918091,0.4325571358203888,0.6059788465499878,-0.07127577066421509,0.5201399922370911,0.8842355012893677,0.0324694849550724,0.463403582572937,0.7631704211235046,-0.027928123250603676,0.38397687673568726,0.5137231945991516,0.008564582094550133,0.46312448382377625,0.7344745397567749,-0.024964233860373497,0.4633980989456177,0.7341174483299255,-0.02286226861178875,0.307465136051178,0.4270916283130646,0.09552785754203796,0.36417871713638306,0.838840663433075,0.07731598615646362,0.504598081111908,0.7571237683296204,-0.01882879063487053,0.45954787731170654,0.8991690874099731,0.016526732593774796,0.4149710536003113,0.5100242495536804,0.011666988953948021,0.5903833508491516,0.4627912938594818,-0.013181821443140507,0.497308611869812,0.4774019420146942,-0.03491510823369026,0.6239266395568848,0.39536333084106445,0.05027976632118225,0.3783494532108307,0.48846957087516785,0.004648739006370306,0.6365640759468079,0.7373189926147461,0.14428307116031647,0.3491905927658081,0.5030176639556885,0.02773761935532093,0.29703837633132935,0.5219062566757202,0.10686728358268738,0.299383282661438,0.46776318550109863,0.13111057877540588,0.5407240986824036,0.7333076000213623,0.01208533439785242,0.44107386469841003,0.7149676084518433,-0.03740348294377327,0.4763980805873871,0.5534824132919312,-0.056531816720962524,0.6161694526672363,0.4675713777542114,0.01578739657998085,0.32559794187545776,0.7731060981750488,0.13008008897304535,0.4028232991695404,0.880348801612854,0.037077516317367554,0.34254002571105957,0.45753616094589233,-0.0030218767933547497,0.4268264174461365,0.7538546323776245,-0.015233579091727734,0.4324336647987366,0.47298532724380493,-0.03217903897166252,0.5080869793891907,0.6470127105712891,-0.04842572659254074,0.31171903014183044,0.7276691198348999,0.15586930513381958,0.39657729864120483,0.7274569272994995,0.01901528425514698,0.3350457549095154,0.4445124864578247,0.004836174193769693,0.6522488594055176,0.575466513633728,0.09878543019294739,0.4481217563152313,0.5529701709747314,-0.0553729310631752,0.3201160132884979,0.45972388982772827,0.028075233101844788,0.485064834356308,0.65055912733078,-0.07042551785707474,0.5720066428184509,0.44106435775756836,-0.02231883816421032,0.502097487449646,0.4514573812484741,-0.042723558843135834,0.5183171629905701,0.3329492211341858,-0.026340927928686142,0.3808683156967163,0.4987824261188507,0.012369521893560886,0.5561504364013672,0.5068957209587097,0.00503063527867198,0.4151667356491089,0.6457170248031616,-0.045431505888700485,0.2937614321708679,0.5672614574432373,0.11413800716400146,0.34540048241615295,0.3600209653377533,0.026596052572131157,0.5129345059394836,0.5188460350036621,0.00721548218280077,0.4272616505622864,0.44679421186447144,-0.03978224843740463,0.4885607957839966,0.606988251209259,-0.07340089976787567,0.5959117412567139,0.8159451484680176,0.09240994602441788,0.6504319906234741,0.6225230097770691,0.10410632193088531,0.42114782333374023,0.3313993811607361,-0.023134812712669373,0.43479689955711365,0.6495542526245117,-0.06877823919057846,0.5498337745666504,0.5228063464164734,0.0011545652523636818,0.5682331323623657,0.84587562084198,0.06988761574029922,1.0
0,0.4978161156177521,0.7108203768730164,-0.04665462300181389,0.4969586730003357,0.628863513469696,-0.0840696468949318,0.4980960190296173,0.6527121067047119,-0.04604974389076233,0.5729056000709534,0.46407055854797363,0.006476724520325661,0.4955956041812897,0.6043797731399536,-0.08871141821146011,0.49389299750328064,0.573530375957489,-0.08173666149377823,0.4901624619960785,0.5000506043434143,-0.03786376491189003,0.6024706959724426,0.4755350351333618,0.026338079944252968,0.48719316720962524,0.43999993801116943,-0.025462638586759567,0.48566746711730957,0.4081438183784485,-0.0272469911724329,0.48040226101875305,0.29686838388442993,-0.007971388287842274,0.6672324538230896,0.4398536682128906,0.12694662809371948,0.32723987102508545,0.6935684084892273,0.15163908898830414,0.6495748162269592,0.7728725671768188,0.1071661040186882,0.5174391269683838,0.704524040222168,-0.044774122536182404,0.4678996801376343,0.5877309441566467,-0.06790962815284729,0.5698188543319702,0.8819035887718201,0.02266012132167816,0.502461314201355,0.7814667820930481,-0.03139667585492134,0.4091126322746277,0.5072775483131409,0.010457721538841724,0.498900443315506,0.7227564454078674,-0.03432426601648331,0.5010753870010376,0.7562709450721741,-0.027606500312685966,0.3155183792114258,0.42702314257621765,0.09916964173316956,0.41126352548599243,0.8566880822181702,0.059309083968400955,0.5393651723861694,0.7667992115020752,-0.02341371402144432,0.5137816667556763,0.9048984050750732,0.006402997300028801,0.44010496139526367,0.5008436441421509,0.014991790987551212,0.6085951328277588,0.408581405878067,0.003483328502625227,0.5204838514328003,0.43043678998947144,-0.021183867007493973,0.6361479163169861,0.353143572807312,0.06774440407752991,0.4063049256801605,0.4851628839969635,0.008593958802521229,0.6638781428337097,0.7238524556159973,0.13306523859500885,0.3776804208755493,0.49920472502708435,0.029128314927220345,0.3130652904510498,0.5294762253761292,0.1026928722858429,0.3078393340110779,0.47392356395721436,0.12963859736919403,0.5679587721824646,0.7246637940406799,0.004246857948601246,0.47819870710372925,0.7086848020553589,-0.044283997267484665,0.5054523944854736,0.5289844274520874,-0.048211995512247086,0.6321617960929871,0.4164489805698395,0.030744483694434166,0.3638753592967987,0.7981231212615967,0.1086491271853447,0.4551611542701721,0.8917789459228516,0.023471273481845856,0.3679015636444092,0.43051350116729736,0.006289744284003973,0.46564817428588867,0.7747516632080078,-0.022222058847546577,0.4559934735298157,0.4332203269004822,-0.02026560716331005,0.5397376418113708,0.6265720129013062,-0.04728531837463379,0.34358692169189453,0.7526203393936157,0.13492906093597412,0.43424540758132935,0.7401838898658752,0.006111127324402332,0.35883253812789917,0.4168328642845154,0.014209114946424961,0.6731435656547546,0.5457426309585571,0.10202039778232574,0.4781089723110199,0.5317193269729614,-0.04785747081041336,0.34313297271728516,0.44373100996017456,0.03388725221157074,0.5200990438461304,0.6279308199882507,-0.06802597641944885,0.5911999344825745,0.38333356380462646,-0.004809957928955555,0.5238610506057739,0.3993585705757141,-0.026097353547811508,0.5282675623893738,0.29454484581947327,-0.004785845521837473,0.40649667382240295,0.49606531858444214,0.015045140869915485,0.5693448185920715,0.4765252470970154,0.012949561700224876,0.454634428024292,0.6350014805793762,-0.04659990221261978,0.31357109546661377,0.5791565179824829,0.1057789996266365,0.3554931879043579,0.34463900327682495,0.03919851779937744,0.5335807204246521,0.48796480894088745,0.013875478878617287,0.45019999146461487,0.4003602862358093,-0.025264346972107887,0.5212615728378296,0.582485020160675,-0.06841521710157394,0.63228839635849,0.8082805275917053,0.07966865599155426,0.6738725304603577,0.5968003273010254,0.10350081324577332,0.43281081318855286,0.3035805821418762,-0.004002446308732033,0.4740738272666931,0.6325879096984863,-0.06769845634698868,0.5723299384117126,0.49118342995643616,0.008311538957059383,0.6098514795303345,0.839724063873291,0.058070916682481766,1.0
0,0.4781658947467804,0.6915503144264221,-0.04708363488316536,0.4648190438747406,0.6196528673171997,-0.08709067106246948,0.46827274560928345,0.6413617134094238,-0.04853026568889618,0.5562118291854858,0.4798155426979065,0.0010819615563377738,0.46390300989151,0.5965355634689331,-0.0917007103562355,0.4639132618904114,0.5679349899291992,-0.08444152027368546,0.46534866094589233,0.5006996989250183,-0.039139293134212494,0.5876370072364807,0.49351465702056885,0.019057130441069603,0.4650624692440033,0.4503925144672394,-0.02591772750020027,0.46451878547668457,0.4217378497123718,-0.027325663715600967,0.46449407935142517,0.31576842069625854,-0.0060181464068591595,0.6626787185668945,0.4584195017814636,0.11721011251211166,0.31250953674316406,0.6818699240684509,0.1665535271167755,0.6352890133857727,0.7675802707672119,0.09600383043289185,0.5006832480430603,0.6854457259178162,-0.04679316282272339,0.43805718421936035,0.5799957513809204,-0.0684175044298172,0.5388393402099609,0.8675506711006165,0.0131636718288064,0.48014524579048157,0.7595141530036926,-0.03387369215488434,0.38699305057525635,0.5088872909545898,0.017730077728629112,0.4785987138748169,0.7010887861251831,-0.03527407348155975,0.4795883297920227,0.7297806143760681,-0.02758643589913845,0.3061690628528595,0.43382927775382996,0.11573778092861176,0.38131919503211975,0.8340908288955688,0.0649721622467041,0.522659957408905,0.7461448907852173,-0.026290368288755417,0.4781320095062256,0.8866740465164185,-0.00012041218724334612,0.41775283217430115,0.5016604661941528,0.02026911824941635,0.5913276076316833,0.43336695432662964,-0.005027492996305227,0.4981294870376587,0.44854333996772766,-0.023714236915111542,0.6284011602401733,0.3762223720550537,0.05968461558222771,0.38335514068603516,0.4837154746055603,0.015868481248617172,0.6542080640792847,0.7236059904098511,0.12193077802658081,0.3562089204788208,0.4978715777397156,0.03873513638973236,0.299604594707489,0.5272784233093262,0.11774732172489166,0.2993939518928528,0.47706276178359985,0.14707010984420776,0.5558380484580994,0.7007324695587158,0.0018963066395372152,0.45592841506004333,0.6887639164924622,-0.043493058532476425,0.47940659523010254,0.5276936292648315,-0.05063164234161377,0.6196224689483643,0.4405774176120758,0.021104462444782257,0.34079617261886597,0.7787224650382996,0.11933442205190659,0.420568585395813,0.8704910278320312,0.023117830976843834,0.34504234790802,0.4318186044692993,0.014902640134096146,0.4384983777999878,0.751152515411377,-0.019518891349434853,0.43069982528686523,0.4427192807197571,-0.01817271113395691,0.5147314071655273,0.617692768573761,-0.05219974368810654,0.3247840404510498,0.7368155717849731,0.14798976480960846,0.40660560131073,0.7120532989501953,0.015136259607970715,0.33657240867614746,0.418611079454422,0.02390587329864502,0.6638977527618408,0.5560048222541809,0.09096631407737732,0.4515147805213928,0.5290935039520264,-0.048307761549949646,0.32267993688583374,0.4418380856513977,0.04519415274262428,0.4912670850753784,0.6198642253875732,-0.07224096357822418,0.5721054077148438,0.4100649654865265,-0.011551311239600182,0.5016550421714783,0.42135241627693176,-0.028617585077881813,0.5140787959098816,0.3153027296066284,-0.0058141471818089485,0.38682687282562256,0.4957929253578186,0.02233162894845009,0.5577543377876282,0.48920494318008423,0.007864116691052914,0.42329534888267517,0.6221941709518433,-0.04610026627779007,0.29845577478408813,0.572766900062561,0.12098809331655502,0.34223175048828125,0.35811281204223633,0.05173211544752121,0.5152192711830139,0.4970731735229492,0.011303689330816269,0.42498719692230225,0.4149041175842285,-0.022788796573877335,0.49328526854515076,0.5772745609283447,-0.07278071343898773,0.6133731007575989,0.7991936206817627,0.06938665360212326,0.6639525890350342,0.6031755805015564,0.09232626110315323,0.41710615158081055,0.3208315670490265,0.0016145090339705348,0.44279664754867554,0.6219410300254822,-0.0688292384147644,0.5533714294433594,0.5014822483062744,0.0031241404358297586,0.5861341953277588,0.8280619978904724,0.04846762493252754,0.0
0,0.48133158683776855,0.6127321720123291,-0.06991424411535263,0.47962647676467896,0.5281692743301392,-0.10137386620044708,0.48038849234580994,0.5577148795127869,-0.06400153785943985,0.5781866908073425,0.40080124139785767,0.024117233231663704,0.4802404046058655,0.5027022361755371,-0.10334448516368866,0.48169636726379395,0.47373273968696594,-0.09096421301364899,0.4859429597854614,0.40787267684936523,-0.027187136933207512,0.607174813747406,0.42252618074417114,0.0420127771794796,0.48834428191185,0.35618916153907776,-0.0027995093259960413,0.489419162273407,0.3261895477771759,0.0017459955997765064,0.4939962923526764,0.22680559754371643,0.046470288187265396,0.6873008012771606,0.4075976610183716,0.15723662078380585,0.3022395372390747,0.6088777780532837,0.16511355340480804,0.6432903409004211,0.7385972142219543,0.0756944864988327,0.5065528154373169,0.6098400950431824,-0.0685804933309555,0.45019111037254333,0.48536184430122375,-0.07511210441589355,0.5445165634155273,0.840310275554657,-0.02469267137348652,0.4804612398147583,0.7163093090057373,-0.06019112840294838,0.4038674533367157,0.41179388761520386,0.03447187319397926,0.48196515440940857,0.6332985758781433,-0.06072970852255821,0.48074886202812195,0.6844488382339478,-0.048698436468839645,0.3150402903556824,0.33926308155059814,0.15948259830474854,0.3635671138763428,0.7851986289024353,0.033597130328416824,0.5276053547859192,0.7077748775482178,-0.04902603477239609,0.4720667004585266,0.8571814298629761,-0.04264780133962631,0.43713444471359253,0.4100220203399658,0.03953603655099869,0.6210613250732422,0.3582304120063782,0.025121644139289856,0.525251030921936,0.35945776104927063,0.001273064874112606,0.6604558229446411,0.31204432249069214,0.11019188910722733,0.4011124074459076,0.3887177109718323,0.036512020975351334,0.6636842489242554,0.6927441358566284,0.1109502911567688,0.37042057514190674,0.4032210111618042,0.05825161933898926,0.30180874466896057,0.4363332986831665,0.14087814092636108,0.30443093180656433,0.3862542510032654,0.1844087839126587,0.5618292689323425,0.6622462272644043,-0.015022125095129013,0.45632725954055786,0.6080957651138306,-0.06574907153844833,0.50038743019104,0.43637800216674805,-0.04414677619934082,0.6515198945999146,0.36929047107696533,0.05440854653716087,0.3267114758491516,0.7189323902130127,0.09693734347820282,0.4042057394981384,0.831379771232605,-0.015608621761202812,0.3610265851020813,0.332127183675766,0.0411611907184124,0.4343438744544983,0.702726423740387,-0.0432746522128582,0.45346152782440186,0.3464517295360565,0.0055680423974990845,0.5360356569290161,0.5380885601043701,-0.062406282871961594,0.31229355931282043,0.6706075668334961,0.1346386820077896,0.40315011143684387,0.6575950384140015,-0.0037535657174885273,0.35206690430641174,0.3180026412010193,0.054014261811971664,0.6864124536514282,0.5076272487640381,0.11072006076574326,0.4688720703125,0.43469369411468506,-0.04218040779232979,0.33437052369117737,0.3429979979991913,0.07405343651771545,0.508749783039093,0.5345383882522583,-0.08415389060974121,0.6049138307571411,0.3284977674484253,0.022341709583997726,0.5318023562431335,0.3298564851284027,0.0010980881052091718,0.5460514426231384,0.2319050133228302,0.04697423428297043,0.4055407643318176,0.40028655529022217,0.041474614292383194,0.5749194622039795,0.41103285551071167,0.02942003309726715,0.4277222156524658,0.5316606760025024,-0.05722181871533394,0.2968538701534271,0.4841163158416748,0.13516871631145477,0.3599051833152771,0.2595119774341583,0.10231729596853256,0.5353307723999023,0.4153519570827484,0.03254443407058716,0.4485980272293091,0.31570425629615784,0.005672302562743425,0.5142095685005188,0.48901456594467163,-0.07882539927959442,0.621756911277771,0.7703801393508911,0.043308962136507034,0.684150218963623,0.5578330755233765,0.1032177284359932,0.4429645538330078,0.2272481620311737,0.05376296490430832,0.45285627245903015,0.5310937762260437,-0.08127995580434799,0.5716858506202698,0.42518478631973267,0.02231275662779808,0.5951423048973083,0.7997947335243225,0.01846049539744854,1.0
0,0.471851110458374,0.7301816940307617,-0.04381208121776581,0.47527432441711426,0.6531363129615784,-0.08951012790203094,0.47522732615470886,0.6733297109603882,-0.0486452542245388,0.5773417949676514,0.5126690864562988,0.0015472351806238294,0.4767714738845825,0.6302003860473633,-0.09489502757787704,0.47911205887794495,0.6012316346168518,-0.08850009739398956,0.4851709306240082,0.5324845314025879,-0.04517626017332077,0.6059682369232178,0.5290837287902832,0.021399307996034622,0.488813579082489,0.4861370921134949,-0.03347193822264671,0.4907337725162506,0.4585713744163513,-0.03615976497530937,0.4988291263580322,0.34739601612091064,-0.017991190776228905,0.6713672280311584,0.5112681984901428,0.12078799307346344,0.30796927213668823,0.6822811961174011,0.1625426858663559,0.6222807168960571,0.819172739982605,0.11082661151885986,0.4961806535720825,0.7292775511741638,-0.04283115640282631,0.45115047693252563,0.6082134246826172,-0.0730748325586319,0.5246540307998657,0.9118817448616028,0.02543080598115921,0.46923285722732544,0.7900700569152832,-0.029338374733924866,0.4085441529750824,0.5235464572906494,0.009888230822980404,0.4720185101032257,0.7439138293266296,-0.03133706375956535,0.4706120193004608,0.7688010931015015,-0.02281985431909561,0.32739269733428955,0.43526703119277954,0.10031624883413315,0.36678439378738403,0.8524774312973022,0.06979576498270035,0.5140149593353271,0.7858304381370544,-0.01788853481411934,0.4623960852622986,0.923507034778595,0.009007122367620468,0.43843215703964233,0.5235918164253235,0.01369901280850172,0.6177760362625122,0.48212090134620667,-0.006444656755775213,0.5235863327980042,0.4888345003128052,-0.02919943258166313,0.6495564579963684,0.4276117980480194,0.05827337130904198,0.40564268827438354,0.49971503019332886,0.007071829866617918,0.6420815587043762,0.7760400176048279,0.1363339126110077,0.3764316141605377,0.5100149512290955,0.02880648523569107,0.31259116530418396,0.5278359651565552,0.1061076670885086,0.31575334072113037,0.4760136604309082,0.13311909139156342,0.5572071075439453,0.7451364994049072,0.013881723396480083,0.4493931531906128,0.7235162258148193,-0.041428159922361374,0.49704018235206604,0.5618188977241516,-0.05493055656552315,0.6412704586982727,0.48799246549606323,0.02172752656042576,0.3289414048194885,0.7860671877861023,0.12043522298336029,0.40463539958000183,0.8983456492424011,0.029578622430562973,0.37139877676963806,0.462597131729126,0.000758875219617039,0.42935362458229065,0.7756381034851074,-0.014908460900187492,0.45709332823753357,0.48144662380218506,-0.027521442621946335,0.5244694352149963,0.655926525592804,-0.05142401531338692,0.3155333995819092,0.7400699257850647,0.14691929519176483,0.39751458168029785,0.7252126932144165,0.019464097917079926,0.363506555557251,0.4499804377555847,0.009092756547033787,0.6667829751968384,0.6095278859138489,0.0996534451842308,0.4690489172935486,0.5590723156929016,-0.054073866456747055,0.34621065855026245,0.46531057357788086,0.030840130522847176,0.5009722709655762,0.6558328866958618,-0.07315459847450256,0.6024339199066162,0.4592185914516449,-0.014553879387676716,0.5311380624771118,0.4634479284286499,-0.03535333648324013,0.5472209453582764,0.3541489243507385,-0.0150339026004076,0.406412273645401,0.5098249912261963,0.014136988669633865,0.5714004039764404,0.5242118239402771,0.008709498681128025,0.4301212430000305,0.6461647748947144,-0.04916862025856972,0.3069913387298584,0.5725938081741333,0.11110644787549973,0.37225082516670227,0.36913174390792847,0.03558201342821121,0.5318702459335327,0.5304713249206543,0.010639907792210579,0.453125,0.45538413524627686,-0.03346448391675949,0.5070091485977173,0.613851010799408,-0.07472354173660278,0.6003681421279907,0.8495906591415405,0.0844871774315834,0.662878155708313,0.6563857793807983,0.10273278504610062,0.450923889875412,0.3450223207473755,-0.012099620886147022,0.4513136148452759,0.6504548788070679,-0.0719166174530983,0.5701851844787598,0.5373772382736206,0.0043921200558543205,0.5729043483734131,0.8764886856079102,0.06296093761920929,0.0
0,0.47949883341789246,0.7159510254859924,-0.04532083868980408,0.4760107100009918,0.6427420973777771,-0.08314628899097443,0.47817477583885193,0.6637055277824402,-0.045927878469228745,0.5631037354469299,0.48087528347969055,0.005543238949030638,0.4749442934989929,0.6206431984901428,-0.0876743420958519,0.4742431044578552,0.592643141746521,-0.08076147735118866,0.4732500910758972,0.5262672901153564,-0.03711510822176933,0.592799186706543,0.49409735202789307,0.02352692373096943,0.4715190529823303,0.4766594171524048,-0.024262038990855217,0.47036799788475037,0.4498603045940399,-0.02551499754190445,0.46632376313209534,0.3510808050632477,-0.004218816291540861,0.6491928696632385,0.4664593040943146,0.11901231110095978,0.31778478622436523,0.6988276839256287,0.15395139157772064,0.6353239417076111,0.7669054269790649,0.09715889394283295,0.501291036605835,0.710214376449585,-0.044424545019865036,0.44851407408714294,0.6049683690071106,-0.06606656312942505,0.5503072142601013,0.8801634311676025,0.014269639737904072,0.48180708289146423,0.7708183526992798,-0.0346638485789299,0.397813618183136,0.5322185158729553,0.014641045592725277,0.48086580634117126,0.727677047252655,-0.033201951533555984,0.4816981554031372,0.7530710101127625,-0.028454231098294258,0.3182166814804077,0.4614177942276001,0.10559850931167603,0.38894402980804443,0.8552470207214355,0.05803923308849335,0.5225868821144104,0.7609143257141113,-0.02596362866461277,0.4898642599582672,0.9054833054542542,-0.0005594908143393695,0.4291527271270752,0.5243540406227112,0.018258869647979736,0.5943627953529358,0.44148990511894226,0.0002592551172710955,0.5055184364318848,0.46154356002807617,-0.020502422004938126,0.6165962815284729,0.39341121912002563,0.06322408467531204,0.39213570952415466,0.5065714120864868,0.01287135947495699,0.6502698063850403,0.7205221056938171,0.1228741928935051,0.36625605821609497,0.5241551995277405,0.03310433030128479,0.3102930188179016,0.5520175695419312,0.10621888935565948,0.3100087344646454,0.5016368627548218,0.13482342660427094,0.5587714910507202,0.7255692481994629,0.0030528740026056767,0.4583713114261627,0.7143538594245911,-0.042539529502391815,0.48786479234695435,0.5515189170837402,-0.04769744351506233,0.6191734075546265,0.44530269503593445,0.026118556037545204,0.3469198942184448,0.7967357039451599,0.10953202098608017,0.43063411116600037,0.8917376399040222,0.019518990069627762,0.3538828492164612,0.4746939539909363,0.009541220031678677,0.4442068338394165,0.767586350440979,-0.02249879390001297,0.4400283694267273,0.478831022977829,-0.01834050565958023,0.5221961140632629,0.6376693248748779,-0.048082832247018814,0.33026766777038574,0.7534605264663696,0.13649418950080872,0.4123506247997284,0.7380507588386536,0.009336697869002819,0.3451094329357147,0.4632154703140259,0.018047820776700974,0.6581202745437622,0.5590399503707886,0.09456057846546173,0.4605169892311096,0.5546293258666992,-0.0465567447245121,0.3316264748573303,0.4826563000679016,0.03805132210254669,0.5009498596191406,0.6407192349433899,-0.06800533086061478,0.5773236751556396,0.4209878146648407,-0.006540902424603701,0.5094066858291626,0.4343492388725281,-0.025262119248509407,0.5124587416648865,0.3477496802806854,-0.0024138798471540213,0.397928386926651,0.5188471674919128,0.018998926505446434,0.559100329875946,0.4967130422592163,0.011972848325967789,0.4339860677719116,0.6464177966117859,-0.04459531605243683,0.30820396542549133,0.5961201190948486,0.109072744846344,0.3530617952346802,0.3933771848678589,0.046187352389097214,0.5231104493141174,0.5119982361793518,0.014207842759788036,0.4332487881183624,0.4547485113143921,-0.02285364270210266,0.502678394317627,0.5993274450302124,-0.06840947270393372,0.6174762845039368,0.8021302819252014,0.07060021907091141,0.6594562530517578,0.604468822479248,0.0957585945725441,0.42197516560554504,0.35797205567359924,0.0015378794632852077,0.4532489478588104,0.6456661224365234,-0.06612926721572876,0.5570623278617859,0.5111532211303711,0.007607325445860624,0.5937975645065308,0.8346188068389893,0.04949245601892471,1.0
0,0.5027508735656738,0.6726269721984863,-0.06808572262525558,0.4991275668144226,0.6073203086853027,-0.1054806187748909,0.49777665734291077,0.6352986097335815,-0.06409840285778046,0.5924297571182251,0.47991082072257996,0.02761504240334034,0.49893757700920105,0.5826087594032288,-0.10871116816997528,0.49794256687164307,0.5546952486038208,-0.09722087532281876,0.4949723184108734,0.49261701107025146,-0.034623563289642334,0.6256568431854248,0.49628913402557373,0.052115123718976974,0.4936152696609497,0.44008123874664307,-0.01254372950643301,0.49331173300743103,0.40917813777923584,-0.01049848459661007,0.49120572209358215,0.3049973249435425,0.027560852468013763,0.6810765862464905,0.477263867855072,0.1802629828453064,0.29604655504226685,0.6981070637702942,0.1629459112882614,0.6525636315345764,0.7924537062644958,0.11232522875070572,0.5304561853408813,0.6669198870658875,-0.06464146077632904,0.46389269828796387,0.5679577589035034,-0.08309002965688705,0.5681235194206238,0.8978905081748962,-0.003913213033229113,0.5021975040435791,0.7889416217803955,-0.05751293525099754,0.3945648670196533,0.5071974992752075,0.020133333280682564,0.5015591382980347,0.7015212774276733,-0.057453542947769165,0.5021013617515564,0.7438367605209351,-0.04716227203607559,0.2985513210296631,0.4345681071281433,0.13602198660373688,0.37871330976486206,0.8606142997741699,0.03860069438815117,0.5539803504943848,0.7744524478912354,-0.041225746273994446,0.4999600052833557,0.9202800393104553,-0.02957170642912388,0.4329729676246643,0.4992895722389221,0.028274867683649063,0.6307815313339233,0.42786306142807007,0.03146795183420181,0.5309419631958008,0.4345639944076538,-0.0049460455775260925,0.6580783724784851,0.3841376006603241,0.12022154033184052,0.39099568128585815,0.4842349886894226,0.02028844505548477,0.6678579449653625,0.7481721639633179,0.14937151968479156,0.3573184013366699,0.49956339597702026,0.04246575012803078,0.28964412212371826,0.5319652557373047,0.12525248527526855,0.2889898419380188,0.48256075382232666,0.16526903212070465,0.5867302417755127,0.7205665707588196,-0.0006218755734153092,0.47373345494270325,0.6694726943969727,-0.06616243720054626,0.5122684240341187,0.5188451409339905,-0.04930515214800835,0.6556783318519592,0.4400419592857361,0.0655951127409935,0.329611599445343,0.7996896505355835,0.10037081688642502,0.4282205104827881,0.9018893241882324,-0.008340692147612572,0.34793949127197266,0.42971208691596985,0.021922364830970764,0.4465414881706238,0.7760859727859497,-0.0438694953918457,0.4539640247821808,0.43757760524749756,-0.007378979120403528,0.5535429120063782,0.6105601787567139,-0.06004299223423004,0.3101373016834259,0.7554958462715149,0.1359006017446518,0.4055716097354889,0.7249297499656677,-0.005744673311710358,0.3381264805793762,0.414969265460968,0.033348530530929565,0.6877244710922241,0.5729762315750122,0.13719896972179413,0.4792606234550476,0.5194393992424011,-0.05042199045419693,0.3201456665992737,0.4391475319862366,0.05351290479302406,0.5271664261817932,0.610327422618866,-0.08503241837024689,0.6115872859954834,0.4011199474334717,0.02374984696507454,0.5354927778244019,0.40492141246795654,-0.007181820925325155,0.5460827946662903,0.3076381981372833,0.0336608812212944,0.3924918472766876,0.49221497774124146,0.027034511789679527,0.5891296863555908,0.48926740884780884,0.03410469740629196,0.44023680686950684,0.6122999787330627,-0.06330834329128265,0.2869639992713928,0.5788829326629639,0.12229674309492111,0.3437022268772125,0.34919077157974243,0.07539087533950806,0.5476672053337097,0.49493563175201416,0.03330707177519798,0.4482541084289551,0.40676575899124146,-0.009881595149636269,0.5305554866790771,0.5668295621871948,-0.08079616725444794,0.6355285048484802,0.8243064880371094,0.07580148428678513,0.6876184940338135,0.6203707456588745,0.1321922242641449,0.4349682033061981,0.30851835012435913,0.030055982992053032,0.4688255786895752,0.6110051274299622,-0.08694852888584137,0.5905476808547974,0.5021994113922119,0.02723480761051178,0.6123520135879517,0.8546717166900635,0.04641842842102051,1.0
0,0.47652769088745117,0.6947374939918518,-0.0549771785736084,0.4859708547592163,0.6059078574180603,-0.08076054602861404,0.48322343826293945,0.6313270330429077,-0.047358449548482895,0.5771602988243103,0.4813176989555359,0.025647595524787903,0.48738008737564087,0.5836236476898193,-0.08341896533966064,0.4886762797832489,0.5571742653846741,-0.07392159849405289,0.49146291613578796,0.4962610900402069,-0.023856600746512413,0.6073473691940308,0.5009424686431885,0.04455137252807617,0.494058758020401,0.4500774145126343,-0.006684581749141216,0.4958113729953766,0.422210693359375,-0.004938685800880194,0.5017264485359192,0.3191242218017578,0.028336554765701294,0.6654700040817261,0.49206843972206116,0.15304885804653168,0.2987421751022339,0.6597534418106079,0.13580626249313354,0.620651364326477,0.7964299321174622,0.09099883586168289,0.49421223998069763,0.6919233202934265,-0.05185214802622795,0.4619242250919342,0.5662291049957275,-0.06227710843086243,0.5300660729408264,0.8688497543334961,-0.0092849712818861,0.474075585603714,0.7291804552078247,-0.052438750863075256,0.40562570095062256,0.4854637384414673,0.019832508638501167,0.47581925988197327,0.70881187915802,-0.04444881156086922,0.47584497928619385,0.708476722240448,-0.044169675558805466,0.32041242718696594,0.4067378044128418,0.11603879928588867,0.36515361070632935,0.8209136724472046,0.025030413642525673,0.506466269493103,0.729231059551239,-0.04383581876754761,0.46934863924980164,0.8762357234954834,-0.029785828664898872,0.43541765213012695,0.4834516644477844,0.026418227702379227,0.6151064038276672,0.4429777264595032,0.02715621143579483,0.5254946947097778,0.44240161776542664,-0.0007275413372553885,0.6436904668807983,0.40477439761161804,0.10250774025917053,0.40185824036598206,0.46188193559646606,0.020237643271684647,0.6376219987869263,0.7561344504356384,0.12274214625358582,0.3697699010372162,0.47236117720603943,0.037674129009246826,0.3071017265319824,0.5001776814460754,0.10655061900615692,0.3064340353012085,0.4495479464530945,0.1407153159379959,0.5374828577041626,0.7203540802001953,-0.012588686309754848,0.4598630964756012,0.6883666515350342,-0.05328015610575676,0.503435492515564,0.5231338739395142,-0.03592626005411148,0.6384285688400269,0.45783931016921997,0.05562363192439079,0.3236028552055359,0.7612203359603882,0.08089020848274231,0.4088401198387146,0.856523871421814,-0.013284207321703434,0.3679778277873993,0.4154019057750702,0.020362015813589096,0.4434772729873657,0.7226524353027344,-0.04644327238202095,0.45856738090515137,0.43285301327705383,-0.002325352281332016,0.524465024471283,0.6179018020629883,-0.04332530498504639,0.3085346817970276,0.7169017791748047,0.11179515719413757,0.4164721965789795,0.7079824209213257,-0.017123930156230927,0.36034077405929565,0.40241050720214844,0.029992418363690376,0.661687433719635,0.58872389793396,0.11422236263751984,0.47673454880714417,0.5198739767074585,-0.036797888576984406,0.342487096786499,0.42060965299606323,0.04709068313241005,0.5066060423851013,0.6122004985809326,-0.06393208354711533,0.5999810695648193,0.41711801290512085,0.021524703130126,0.5323126912117004,0.4151785373687744,-0.002456305781379342,0.5472654104232788,0.32754313945770264,0.033024631440639496,0.4022141993045807,0.47318631410598755,0.025471851229667664,0.5754454135894775,0.4920312166213989,0.030549583956599236,0.44383683800697327,0.6076152920722961,-0.04592496156692505,0.30205875635147095,0.5462700128555298,0.10374350100755692,0.3720553517341614,0.3375976085662842,0.06554996222257614,0.5370844006538391,0.4992366433143616,0.030135098844766617,0.45529085397720337,0.40471383929252625,-0.004184372257441282,0.5129415392875671,0.5725677609443665,-0.06043146550655365,0.6015400290489197,0.82297682762146,0.057998474687337875,0.6574761867523193,0.6362934708595276,0.10977031290531158,0.45443397760391235,0.315244197845459,0.030180418863892555,0.46334588527679443,0.6064741015434265,-0.06542864441871643,0.5722182989120483,0.5044994950294495,0.024936417117714882,0.5763101577758789,0.8444033861160278,0.031943708658218384,0.0
0,0.49447378516197205,0.7195404171943665,-0.045871295034885406,0.4936503767967224,0.6568671464920044,-0.08618747442960739,0.4919891953468323,0.6759770512580872,-0.04685959592461586,0.5878239274024963,0.525229811668396,0.01012326031923294,0.49490487575531006,0.6347033977508545,-0.09108297526836395,0.496418297290802,0.6062261462211609,-0.08393140137195587,0.5000601410865784,0.5380075573921204,-0.03880176320672035,0.6168869137763977,0.5421961545944214,0.031156620010733604,0.5029488801956177,0.48921680450439453,-0.025808120146393776,0.5046390891075134,0.4609108567237854,-0.027751905843615532,0.510524570941925,0.3496185839176178,-0.006716232281178236,0.6833194494247437,0.5147788524627686,0.13774849474430084,0.3099444508552551,0.6787552833557129,0.15725216269493103,0.6347341537475586,0.8071470260620117,0.11290514469146729,0.5163605809211731,0.7184037566184998,-0.04388504475355148,0.4676576852798462,0.6131118535995483,-0.06992316246032715,0.5375192165374756,0.8865558505058289,0.015632491558790207,0.4903113842010498,0.7619882225990295,-0.039532821625471115,0.4165475368499756,0.532095193862915,0.010985058732330799,0.4921989142894745,0.732065737247467,-0.03265386447310448,0.4921053946018219,0.7448310852050781,-0.03179427981376648,0.32637152075767517,0.43601369857788086,0.10294096171855927,0.3790999948978424,0.8377689123153687,0.05585281178355217,0.5289179682731628,0.760585367679596,-0.02866511046886444,0.4782278537750244,0.8957946300506592,-0.00414023082703352,0.4502081573009491,0.5320298075675964,0.0163380466401577,0.6276594400405884,0.4848477840423584,0.006439449265599251,0.5353710055351257,0.492740273475647,-0.02033001184463501,0.6619300842285156,0.43155455589294434,0.07511743903160095,0.41441288590431213,0.5048583745956421,0.008789189159870148,0.6549394726753235,0.7684077024459839,0.14150887727737427,0.3837977945804596,0.513863205909729,0.029536515474319458,0.312968909740448,0.5285321474075317,0.10540623217821121,0.3139103353023529,0.4763981103897095,0.1348792314529419,0.5613461136817932,0.7413162589073181,0.005525901913642883,0.47222262620925903,0.7136560082435608,-0.0441628135740757,0.5127250552177429,0.5671334862709045,-0.04905129224061966,0.6516757011413574,0.4944835305213928,0.03557892516255379,0.33558499813079834,0.7768978476524353,0.11074802279472351,0.4208148419857025,0.8762786388397217,0.01497880183160305,0.3792431652545929,0.4573408365249634,0.004793755244463682,0.4501822888851166,0.7519513368606567,-0.029143448919057846,0.46953946352005005,0.48794323205947876,-0.02073298953473568,0.5398899912834167,0.6601275205612183,-0.047057464718818665,0.3197571039199829,0.7337582111358643,0.1390983909368515,0.4156758487224579,0.7262735366821289,0.004952671006321907,0.37092486023902893,0.4425687789916992,0.013246030546724796,0.6804488301277161,0.611946702003479,0.1108764037489891,0.4843083918094635,0.5642940402030945,-0.04924100264906883,0.3518921732902527,0.4592397212982178,0.03362898528575897,0.5182581543922424,0.6600591540336609,-0.06911546736955643,0.6115436553955078,0.4604927599430084,-0.002147733699530363,0.5414463877677917,0.466438889503479,-0.02564699947834015,0.560256838798523,0.35710594058036804,-0.002348403912037611,0.4165586531162262,0.5162387490272522,0.01570575125515461,0.5850315093994141,0.5370620489120483,0.016903167590498924,0.4468405246734619,0.6506924033164978,-0.0477389432489872,0.30860069394111633,0.5728863477706909,0.1086917445063591,0.37476861476898193,0.3696238696575165,0.040890008211135864,0.5445874929428101,0.5408815741539001,0.017385004088282585,0.4664202630519867,0.4610363841056824,-0.025994742289185524,0.5237185955047607,0.6187597513198853,-0.06946854293346405,0.6121971607208252,0.8338896036148071,0.08209893107414246,0.6764518022537231,0.6574105024337769,0.11212800443172455,0.4596089720726013,0.34640970826148987,-0.00293540908023715,0.4687142074108124,0.65486741065979,-0.06949563324451447,0.5841423273086548,0.5506671667098999,0.012187338434159756,0.5843230485916138,0.8571490049362183,0.057085394859313965,1.0
0,0.4924495220184326,0.7235110402107239,-0.04687744751572609,0.4732723832130432,0.6530106067657471,-0.08447734266519547,0.4782998561859131,0.6726704835891724,-0.04826606810092926,0.5582733154296875,0.5072803497314453,0.003978102467954159,0.4714932143688202,0.6313320994377136,-0.08848467469215393,0.4706639051437378,0.6043385863304138,-0.08110366016626358,0.4701864719390869,0.5406354665756226,-0.03636149317026138,0.5889251232147217,0.5193014144897461,0.020113684237003326,0.4684463441371918,0.4950862526893616,-0.022738443687558174,0.466797411441803,0.4686972498893738,-0.023375919088721275,0.46194377541542053,0.3663107454776764,-0.0007587091531604528,0.6558930277824402,0.4827454686164856,0.11252601444721222,0.3338838815689087,0.7215194702148438,0.15516898036003113,0.6491855382919312,0.7832584381103516,0.08647461235523224,0.514989972114563,0.7170665860176086,-0.04651370644569397,0.44616591930389404,0.617171049118042,-0.06598243862390518,0.5592290759086609,0.8874008655548096,0.007682180032134056,0.4986899197101593,0.7846108675003052,-0.03421693295240402,0.39709722995758057,0.5497428774833679,0.018517719581723213,0.4937911033630371,0.7338431477546692,-0.036328304558992386,0.49682435393333435,0.7666348814964294,-0.027319597080349922,0.3228171467781067,0.4848095774650574,0.1125071570277214,0.40258365869522095,0.8675283789634705,0.057957492768764496,0.5407181978225708,0.7705271244049072,-0.02498777210712433,0.4998283386230469,0.9107317924499512,-0.005668880883604288,0.4290073812007904,0.5405974984169006,0.021131319925189018,0.5884173512458801,0.46475058794021606,-0.0027806872967630625,0.5004450678825378,0.49179407954216003,-0.020260166376829147,0.6200817227363586,0.408608078956604,0.05999443307518959,0.388226181268692,0.5176669955253601,0.017577286809682846,0.6651121973991394,0.7386189699172974,0.11185267567634583,0.3612460494041443,0.5374485850334167,0.03808662295341492,0.31907451152801514,0.5741991996765137,0.11205584555864334,0.31856539845466614,0.5256333351135254,0.14109794795513153,0.5722624659538269,0.7252543568611145,0.0032062935642898083,0.46964141726493835,0.7251123189926147,-0.04350188374519348,0.48456987738609314,0.5648396015167236,-0.04757026210427284,0.6166280508041382,0.4659278988838196,0.022072771564126015,0.36227908730506897,0.8149920701980591,0.10882718116044998,0.4421723186969757,0.9000425934791565,0.01720462180674076,0.35257118940353394,0.48939138650894165,0.01512762252241373,0.45600205659866333,0.7837358117103577,-0.01891975663602352,0.4370160400867462,0.4966326057910919,-0.01556688267737627,0.5243752002716064,0.6460652351379395,-0.050977807492017746,0.34618210792541504,0.7744940519332886,0.13648995757102966,0.418321818113327,0.7537063360214233,0.015337481163442135,0.34577876329421997,0.47784239053726196,0.02407875843346119,0.6637001633644104,0.5762267112731934,0.08672496676445007,0.4579279124736786,0.5681926608085632,-0.045479562133550644,0.33432960510253906,0.49416959285736084,0.044119223952293396,0.49981942772865295,0.651238203048706,-0.07010269910097122,0.5696429014205933,0.44603830575942993,-0.008052833378314972,0.5028407573699951,0.46657902002334595,-0.024369364604353905,0.5086866021156311,0.361939936876297,-0.00042260505142621696,0.39199936389923096,0.5328192710876465,0.023129621520638466,0.5603623390197754,0.5199131965637207,0.009902888908982277,0.4322490394115448,0.6576312780380249,-0.045433174818754196,0.31840047240257263,0.6176663637161255,0.11414822936058044,0.3514271378517151,0.4135499596595764,0.05348335579037666,0.5188109278678894,0.5344547033309937,0.013143624179065228,0.42994123697280884,0.4728758931159973,-0.019341444596648216,0.5002285242080688,0.6103990077972412,-0.06995844841003418,0.6294440627098083,0.8159040212631226,0.06146996468305588,0.6670759320259094,0.6210894584655762,0.08697724342346191,0.4178985357284546,0.37452781200408936,0.00656864233314991,0.4518525004386902,0.656904935836792,-0.06701498478651047,0.5537402033805847,0.5370231866836548,0.005150803364813328,0.6041398644447327,0.8459062576293945,0.04204516485333443,0.0
0,0.4796926975250244,0.7349390983581543,-0.03854602947831154,0.47561535239219666,0.6714178323745728,-0.08239371329545975,0.47611522674560547,0.6902164220809937,-0.04468871280550957,0.5587472319602966,0.5226181149482727,-0.001087953569367528,0.47516879439353943,0.6489627361297607,-0.08766665309667587,0.47469815611839294,0.6205539703369141,-0.08212590962648392,0.4739675223827362,0.5524962544441223,-0.042718660086393356,0.586342990398407,0.5328986048698425,0.01755857840180397,0.4733414053916931,0.49691063165664673,-0.031589191406965256,0.4730174243450165,0.4680432081222534,-0.03435799106955528,0.4719989001750946,0.36149054765701294,-0.021502379328012466,0.6438451409339905,0.4986729323863983,0.10592830181121826,0.31875330209732056,0.7054726481437683,0.14835523068904877,0.6150814294815063,0.7975765466690063,0.10354343801736832,0.5037910342216492,0.7285357713699341,-0.037782758474349976,0.44793587923049927,0.6301992535591125,-0.06803271174430847,0.5358102321624756,0.8992669582366943,0.02606135606765747,0.48058760166168213,0.7929470539093018,-0.02620333805680275,0.3964294195175171,0.5533897876739502,0.006739892065525055,0.4797465205192566,0.7506325840950012,-0.027389323338866234,0.48031166195869446,0.768979549407959,-0.01909426786005497,0.3172084093093872,0.46589452028274536,0.08785019814968109,0.3910246789455414,0.8616917729377747,0.06691271811723709,0.5236707329750061,0.7810913324356079,-0.014020120725035667,0.4827350676059723,0.9174163341522217,0.010718508623540401,0.4262460768222809,0.5475363731384277,0.010212411172688007,0.5918062925338745,0.47209662199020386,-0.006221158895641565,0.5068050622940063,0.4857670068740845,-0.028234565630555153,0.6182718276977539,0.42072615027427673,0.04831479489803314,0.39257529377937317,0.5307314991950989,0.004483322612941265,0.6303945779800415,0.7535334825515747,0.1256292313337326,0.365589439868927,0.5441672801971436,0.024733513593673706,0.3105275630950928,0.5593271255493164,0.09573960304260254,0.30934786796569824,0.5066728591918945,0.11790172755718231,0.5606209635734558,0.7310134172439575,0.017843643203377724,0.4551950693130493,0.7307741641998291,-0.0366097018122673,0.4878355860710144,0.58002108335495,-0.051734261214733124,0.6135990619659424,0.47708964347839355,0.018040085211396217,0.34766876697540283,0.8023517727851868,0.11251283437013626,0.429887592792511,0.9001603126525879,0.029774153605103493,0.3588988482952118,0.4863150715827942,0.0009389768238179386,0.4366692304611206,0.7834370732307434,-0.011685339733958244,0.4419228732585907,0.4932708442211151,-0.026418214663863182,0.5215685367584229,0.6663204431533813,-0.0479881726205349,0.3307693302631378,0.7596356272697449,0.13561083376407623,0.39649707078933716,0.7379394769668579,0.021934233605861664,0.3512381315231323,0.47349441051483154,0.007710268720984459,0.6462802290916443,0.5952408313751221,0.09071697294712067,0.4609540104866028,0.5808849334716797,-0.05083797499537468,0.33667242527008057,0.49289655685424805,0.026779888197779655,0.4999440014362335,0.6708728075027466,-0.06768710911273956,0.5761449933052063,0.4482802748680115,-0.015182320959866047,0.510689914226532,0.4573853015899658,-0.03416518121957779,0.518488347530365,0.3621787130832672,-0.019313810393214226,0.3941642642021179,0.5397688150405884,0.010770892724394798,0.556373655796051,0.5305622816085815,0.005469609517604113,0.43040362000465393,0.6691542863845825,-0.0457194559276104,0.30855345726013184,0.6034395694732666,0.10106383264064789,0.354594886302948,0.39699023962020874,0.028577618300914764,0.5200294256210327,0.5391846895217896,0.007064444944262505,0.4374357759952545,0.46552351117134094,-0.03223055228590965,0.5022014379501343,0.6285669803619385,-0.06968726217746735,0.5970249772071838,0.830039918422699,0.08003667742013931,0.6459958553314209,0.6401425004005432,0.0943140983581543,0.42656442523002625,0.3647688031196594,-0.016132855787873268,0.4519009590148926,0.6721893548965454,-0.0664278045296669,0.554524838924408,0.5436229109764099,0.0014251340180635452,0.5741792321205139,0.8596197962760925,0.06076725572347641,1.0
0,0.47436583042144775,0.7082577347755432,-0.039151471108198166,0.47528818249702454,0.6336658000946045,-0.08555426448583603,0.4766947627067566,0.6527871489524841,-0.044942401349544525,0.568397581577301,0.459852397441864,-0.0030446865130215883,0.47560015320777893,0.6088207364082336,-0.09141132980585098,0.4765971601009369,0.575863242149353,-0.08608817309141159,0.4797880947589874,0.49596652388572693,-0.0467543788254261,0.5984164476394653,0.47696733474731445,0.015511421486735344,0.48126181960105896,0.4397076368331909,-0.036905668675899506,0.4818410575389862,0.4099425673484802,-0.040533050894737244,0.485289990901947,0.29245683550834656,-0.026815086603164673,0.6637129187583923,0.44457200169563293,0.10805172473192215,0.31366240978240967,0.649681568145752,0.15729111433029175,0.63111811876297,0.7818874716758728,0.1103941947221756,0.4985402524471283,0.7036906480789185,-0.03820932283997536,0.449968159198761,0.5838919281959534,-0.07084223628044128,0.5345792174339294,0.8861315250396729,0.03394116833806038,0.47291895747184753,0.7889493107795715,-0.022192146629095078,0.4010026156902313,0.47900521755218506,0.006519435439258814,0.4745924770832062,0.7213895916938782,-0.02591511607170105,0.47375574707984924,0.7569023370742798,-0.017662735655903816,0.328294038772583,0.385156512260437,0.08976331353187561,0.3761718273162842,0.8353836536407471,0.07474331557750702,0.5187151432037354,0.7743161916732788,-0.011510459706187248,0.47415223717689514,0.9010233879089355,0.01937251351773739,0.43048906326293945,0.4791094660758972,0.009732788428664207,0.6027026176452637,0.4217207431793213,-0.012841148301959038,0.5123547315597534,0.43708112835884094,-0.033285219222307205,0.6354644298553467,0.36029842495918274,0.04601595550775528,0.3973609507083893,0.4493293762207031,0.0037238500081002712,0.6499637365341187,0.7321953177452087,0.13304762542247772,0.3686884641647339,0.4616873860359192,0.024421444162726402,0.31586316227912903,0.48663243651390076,0.09910682588815689,0.3185604214668274,0.4280271828174591,0.12231244146823883,0.5583487749099731,0.7150379419326782,0.01762034371495247,0.451453298330307,0.7024538516998291,-0.03694336861371994,0.49255383014678955,0.5283867120742798,-0.05553446337580681,0.6262485384941101,0.4279749095439911,0.013646789826452732,0.3361566662788391,0.7649256587028503,0.120854951441288,0.41640111804008484,0.8791141510009766,0.038247834891080856,0.3658347725868225,0.4059239625930786,-0.0037962226197123528,0.43017253279685974,0.7722907066345215,-0.009121584706008434,0.4492585062980652,0.42965060472488403,-0.03105819970369339,0.5235368013381958,0.6309658288955688,-0.04890166595578194,0.32203057408332825,0.7133890390396118,0.1445239782333374,0.3974592387676239,0.7129714488983154,0.02264748327434063,0.36030012369155884,0.3922692835330963,0.0033793204929679632,0.6659046411514282,0.553921103477478,0.09216369688510895,0.4652993083000183,0.5271455645561218,-0.054518140852451324,0.3460843563079834,0.4108513593673706,0.024785706773400307,0.5008940696716309,0.6339824795722961,-0.06996846199035645,0.585712194442749,0.397918164730072,-0.021521542221307755,0.5171405076980591,0.4085647463798523,-0.040238358080387115,0.5320398807525635,0.2961173951625824,-0.024336356669664383,0.39831724762916565,0.46446847915649414,0.010374676436185837,0.5680422782897949,0.4743189513683319,0.0038867341354489326,0.4322085678577423,0.6265724897384644,-0.04631597921252251,0.3108445703983307,0.5358766913414001,0.10560926049947739,0.36783766746520996,0.31723085045814514,0.026142863556742668,0.525344729423523,0.48487430810928345,0.00601625069975853,0.4458128809928894,0.40022456645965576,-0.03780728206038475,0.5047577023506165,0.5865761041641235,-0.07269587367773056,0.6092777848243713,0.8172707557678223,0.08662936091423035,0.6653149127960205,0.6053458452224731,0.09698779881000519,0.4403283894062042,0.2920811176300049,-0.020778793841600418,0.452017217874527,0.6311218738555908,-0.06852543354034424,0.5636453628540039,0.49182531237602234,-1.2888753190054558e-05,0.5819442272186279,0.8474108576774597,0.06754283607006073,0.0
0,0.48005157709121704,0.6663435101509094,-0.03982611373066902,0.4675925672054291,0.5874891877174377,-0.0933728814125061,0.4704757034778595,0.6074715852737427,-0.04728948324918747,0.5587661266326904,0.41011953353881836,-0.011509571224451065,0.46599528193473816,0.5624361038208008,-0.10052765905857086,0.46459096670150757,0.5296354293823242,-0.09576334804296494,0.4619939923286438,0.45108234882354736,-0.05603380501270294,0.5926543474197388,0.42178791761398315,0.010843445546925068,0.4589693546295166,0.3963496685028076,-0.04860005900263786,0.4569619596004486,0.3653990626335144,-0.054552216082811356,0.4506472051143646,0.24118584394454956,-0.046437133103609085,0.6588236093521118,0.37605127692222595,0.11108598113059998,0.30317747592926025,0.6397173404693604,0.18402767181396484,0.6383956670761108,0.7154088020324707,0.13081739842891693,0.5046725869178772,0.6590991020202637,-0.039300598204135895,0.4370329976081848,0.5425971746444702,-0.07810161262750626,0.5505675077438354,0.841928243637085,0.05110996961593628,0.4822532534599304,0.7386243343353271,-0.016063859686255455,0.38135039806365967,0.4628528654575348,0.003212170908227563,0.4802524149417877,0.6794344782829285,-0.024401025846600533,0.4806815981864929,0.7065606117248535,-0.014382066205143929,0.2871108055114746,0.3735697269439697,0.09309343248605728,0.3831539452075958,0.8125160932540894,0.09757309406995773,0.5270646810531616,0.7191752195358276,-0.006699954159557819,0.4890470504760742,0.8696268200874329,0.03721074387431145,0.41628092527389526,0.45151686668395996,0.005713009741157293,0.5930770635604858,0.3621557354927063,-0.022836171090602875,0.4934789836406708,0.3852083683013916,-0.045119982212781906,0.6251224279403687,0.29095759987831116,0.03711206838488579,0.3760888874530792,0.4367647171020508,-0.0015718890354037285,0.6544651985168457,0.6642321944236755,0.15389834344387054,0.34703147411346436,0.4522314667701721,0.023850616067647934,0.28535136580467224,0.47696226835250854,0.108595110476017,0.28189197182655334,0.4193311333656311,0.1325124353170395,0.5609837770462036,0.6641015410423279,0.021823683753609657,0.4547043740749359,0.6630522608757019,-0.036888230592012405,0.4784887135028839,0.4808802604675293,-0.06467948853969574,0.6198803782463074,0.3651946187019348,0.006565236486494541,0.337111234664917,0.7474709749221802,0.14778853952884674,0.42732396721839905,0.8545153737068176,0.05814284458756447,0.33441272377967834,0.3949658274650574,-0.00993615947663784,0.4353052079677582,0.7277014255523682,-0.002166318241506815,0.427369624376297,0.39586228132247925,-0.042017899453639984,0.5185603499412537,0.5770911574363708,-0.05370854213833809,0.31809669733047485,0.6999311447143555,0.1724906861782074,0.3940737247467041,0.6760114431381226,0.03051343560218811,0.32528507709503174,0.38140904903411865,-0.002442658180370927,0.6647165417671204,0.4846275746822357,0.09860266000032425,0.448773056268692,0.48446616530418396,-0.06309984624385834,0.31065529584884644,0.40275514125823975,0.022749168798327446,0.49471867084503174,0.5833650231361389,-0.07668012380599976,0.5716305375099182,0.33861857652664185,-0.03387708589434624,0.49560683965682983,0.3545120060443878,-0.05426664650440216,0.5038086771965027,0.23676788806915283,-0.04420795664191246,0.37937164306640625,0.4471234977245331,0.006900609005242586,0.5586389899253845,0.4206884503364563,-0.0026256348937749863,0.4214371144771576,0.5870808959007263,-0.04941881075501442,0.28620120882987976,0.5262786746025085,0.11831442266702652,0.3214223086833954,0.293515145778656,0.01690272055566311,0.5140556693077087,0.43545305728912354,-2.3789310944266617e-05,0.42046019434928894,0.366632878780365,-0.05088924244046211,0.49548622965812683,0.5360600352287292,-0.08115337789058685,0.6193077564239502,0.7542811632156372,0.10598231852054596,0.6650789976119995,0.5359717607498169,0.10625118017196655,0.39957597851753235,0.24990242719650269,-0.038899023085832596,0.4425184428691864,0.5886362791061401,-0.0742977187037468,0.5573552250862122,0.43860435485839844,-0.0063653551042079926,0.5947607159614563,0.7906001210212708,0.08562425523996353,1.0
