0.07256357,0.04754935,0.043475542,0.026589403,0.04744339,0.04343293,0.032092173,0.02760804,0.033577032,0.03781366,0.048891902,0.03655058,0.064192295,0.041595753,0.069213964,0.04356224,0.039417405,0.04238998,0.030670168,0.07534524,0.019457554,0.017083095,0.057740837,0.04013262,0.045900784,0.022730013,0.03598294,0.03246961,0.048228346,0.033431385,0.042365406,0.034466095,0.031098247,0.027429866,0.054423533,0.0668263,0.032722294,0.0354736,0.067972094,0.052087825,0.039834782,0.038910232,0.037675373,0.036665298,0.06861925,0.04719692,0.03632637,0.026408758,0.035995606,0.029497093,0.039638337,0.037730478,0.036806777,0.050581153,0.028349139,0.022281772,0.04437933,0.03988054,0.028225714,0.019667014,0.041415196,0.03698588,0.039214116,0.022546249,0.04489276,0.044578817,0.021050075,0.03751968
0.058169678,0.057107653,0.04974886,0.0507168,0.057889488,0.05490269,0.049815495,0.05351343,0.058345117,0.0667154,0.09568548,0.092858635,0.08355244,0.04788742,0.052398898,0.054618746,0.035359982,0.01785838,0.046047665,0.059079345,0.017060757,0.034889694,0.07993045,0.008936119,0.049429704,0.033701196,0.072096325,0.056833815,0.10908432,0.042448275,0.05314088,0.042475354,0.046760798,0.03595998,0.022742517,0.06151894,0.047407504,0.08223712,0.09303298,0.06663677,0.056342155,0.02638002,0.0563479,0.03962978,0.091728434,0.059852257,0.05468083,0.0638924,0.050058253,0.04688188,0.046884306,0.076280095,0.06535223,0.10304854,0.03703693,0.044057537,0.055180974,0.058331758,0.059665956,0.042977553,0.0626715,0.0461912,0.039791007,0.051399805,0.08598329,0.05504553,0.041699946,0.033395063
0.04235097,0.042971294,0.037900455,0.037209865,0.04341214,0.04130523,0.03439571,0.036186803,0.03532646,0.036089383,0.034470994,0.037967168,0.06404746,0.035227157,0.041339412,0.039196387,0.02522472,0.014815894,0.03989739,0.03574521,0.016123323,0.046923444,0.0389456,0.016995672,0.024216747,0.03222268,0.042268895,0.046423305,0.036900423,0.038299575,0.04032052,0.036301047,0.051058915,0.052658025,0.021319352,0.041853305,0.035573147,0.040636357,0.05556859,0.028218139,0.034614515,0.010737678,0.03500015,0.036979586,0.061626755,0.027057307,0.03295821,0.03617964,0.036100604,0.03313707,0.03915791,0.044599906,0.0484645,0.03471483,0.036540847,0.034447417,0.03691464,0.054610692,0.03607291,0.036425654,0.03576023,0.03889048,0.030354379,0.035158012,0.033044912,0.03834531,0.036767628,0.027231663
0.04579433,0.01964183,0.020575928,0.030385965,0.018991673,0.01783686,0.018704236,0.03480233,0.024676863,0.02564629,0.03116251,0.0523799,0.026328642,0.059269443,0.05042604,0.01644743,0.040590417,0.039846666,0.016750386,0.04326516,0.03579129,0.032487664,0.025010403,0.04294015,0.034769505,0.015003687,0.04044642,0.03207794,0.04278364,0.017479472,0.06359332,0.015891701,0.0261824,0.032033447,0.051756147,0.03936308,0.018232346,0.043882035,0.022126678,0.028561262,0.01941011,0.0309321,0.018077,0.030316066,0.02423136,0.026968747,0.020769011,0.05330652,0.016702557,0.021760546,0.023181118,0.03983535,0.033271994,0.03232025,0.016655235,0.033527534,0.015891327,0.02472458,0.032165278,0.030095054,0.018065851,0.021976374,0.054904718,0.056325946,0.031279977,0.015381519,0.033362165,0.049623534
0.060113974,0.044543497,0.04191237,0.025673797,0.042278394,0.03647841,0.02295057,0.028883336,0.02398889,0.026892615,0.035991754,0.04340196,0.039134733,0.045318127,0.059351236,0.033363037,0.046845753,0.03992629,0.0059971577,0.05743368,0.033155914,0.027114892,0.04700349,0.03610958,0.04520187,0.0073936894,0.039612435,0.035454582,0.049142636,0.006364841,0.043160927,0.008489831,0.02335512,0.029603975,0.029996363,0.05733996,0.027414221,0.04076618,0.047643214,0.045240708,0.006681071,0.03474499,0.019571709,0.041071434,0.044358034,0.03317487,0.00897212,0.034882985,0.025278954,0.0127559155,0.041943274,0.041041423,0.038089216,0.040978726,0.003421179,0.026814891,0.035665695,0.026195249,0.023453556,0.025821675,0.021396212,0.036648504,0.046665527,0.034185246,0.02992769,0.038684014,0.029266508,0.04704955
0.06376131,0.063549414,0.05718307,0.04485483,0.06207641,0.056062758,0.04239552,0.046070877,0.043082077,0.0482293,0.06559029,0.06965178,0.047908287,0.015298579,0.059475854,0.055340573,0.07310601,0.091836825,0.02352946,0.06750361,0.063304186,0.0142181115,0.07869417,0.07489125,0.09222139,0.027678225,0.059214357,0.04487747,0.08032872,0.026907649,0.0136598395,0.020192482,0.016925775,0.01313121,0.047080606,0.061364707,0.044284537,0.06531094,0.064711615,0.09178188,0.023168491,0.08309596,0.037737425,0.04685689,0.057634525,0.053346377,0.02388838,0.04292586,0.04626606,0.01927548,0.054077104,0.06386955,0.052063685,0.07091911,0.022254094,0.041613728,0.056007687,0.025953967,0.03749234,0.037715998,0.040987104,0.049449682,0.030815883,0.031076923,0.058791004,0.059920654,0.040394373,0.046454713
0.023335977,0.018271718,0.0134883635,0.059462182,0.019817445,0.022448838,0.030592795,0.058724955,0.036598347,0.03904848,0.050065253,0.07480151,0.025600623,0.06182937,0.016813714,0.018674856,0.041763104,0.02024083,0.03096414,0.024566364,0.02849135,0.034995418,0.016596183,0.022222845,0.029626321,0.032698702,0.060390655,0.047857903,0.070163526,0.041534528,0.06873601,0.0367792,0.027013633,0.03312639,0.030284591,0.022502134,0.028608955,0.06122556,0.021198042,0.020797996,0.042795032,0.02738782,0.03908033,0.021201484,0.023649171,0.051378794,0.042728473,0.068197906,0.02638966,0.03820584,0.021966152,0.058539014,0.050798405,0.053853255,0.037590746,0.05163411,0.008895035,0.024045724,0.042480078,0.03879001,0.043344572,0.023672143,0.054927707,0.06574296,0.047664616,0.014619693,0.04339429,0.050083596
0.011890685,0.00673769,0.0069355937,0.0190713,0.0076187663,0.011053781,0.021084547,0.017721036,0.025117554,0.0291796,0.04720521,0.037199646,0.017812077,0.034154635,0.013341003,0.012759003,0.031210454,0.01098594,0.02510561,0.009480134,0.013602417,0.034792967,0.01939944,0.011256172,0.025160734,0.028497223,0.026132688,0.0204342,0.04093584,0.03360502,0.035884317,0.033543695,0.026005218,0.02997357,0.021907097,0.010917358,0.016191138,0.030286793,0.018189343,0.021925313,0.040657166,0.012774791,0.03868022,0.011351445,0.018045647,0.023149874,0.040923312,0.029086275,0.018127708,0.036165252,0.009549639,0.028112248,0.02294558,0.045991424,0.033125356,0.016176999,0.009283353,0.022953108,0.045939084,0.014431252,0.042711593,0.009812079,0.032696094,0.028624475,0.04903778,0.006212227,0.0180599,0.032330506
0.03424285,0.02210325,0.018299634,0.018670114,0.023823105,0.025494592,0.03221034,0.014565682,0.036909573,0.040797334,0.06141322,0.024222117,0.0295159,0.029014476,0.031557154,0.025788473,0.02778271,0.0451708,0.04452081,0.038393628,0.024328632,0.066669166,0.009472246,0.04557116,0.020873057,0.040908802,0.016874457,0.025443502,0.034988586,0.044028886,0.025620524,0.048138373,0.050146535,0.063000485,0.060004484,0.031464413,0.027052864,0.017603923,0.014975058,0.014955467,0.05013932,0.050391037,0.041538056,0.023003839,0.021138532,0.06536079,0.052232094,0.0153424,0.030210597,0.05385275,0.022106368,0.019219039,0.026091307,0.055164147,0.040235046,0.022057995,0.020268941,0.043898303,0.070503846,0.027338706,0.044932712,0.022406714,0.030429557,0.017669559,0.06661363,0.018599853,0.023389308,0.030657172
0.04851913,0.023547202,0.02024766,0.01946401,0.025710093,0.026721174,0.028030017,0.01830795,0.033597186,0.03871087,0.048499327,0.0380888,0.030384481,0.037789863,0.043484703,0.024923697,0.037150003,0.043862116,0.018696256,0.049623176,0.022790177,0.020349037,0.037900977,0.03917563,0.041660618,0.02247082,0.0293276,0.026028043,0.042599797,0.024311226,0.040381163,0.023031974,0.008499681,0.014707016,0.028856058,0.041492853,0.026254917,0.030760275,0.036955822,0.040368482,0.030505436,0.03930864,0.033705965,0.020162662,0.03565718,0.02974271,0.031038536,0.030140212,0.026898693,0.023599695,0.02056977,0.032583598,0.029897468,0.04836628,0.023754362,0.016831523,0.020383619,0.008234302,0.036511045,0.018953778,0.038102105,0.02301565,0.0351679,0.029797642,0.046564117,0.02148597,0.019020444,0.034006473
0.017748995,0.02405574,0.021033075,0.055782255,0.02481859,0.026148565,0.031453438,0.05746181,0.04158085,0.04421606,0.04757148,0.06093002,0.033232667,0.045334876,0.019539481,0.022576721,0.0323794,0.03776105,0.02576165,0.017262463,0.017838031,0.040830947,0.014618786,0.035489272,0.023728939,0.026513215,0.06063416,0.054631323,0.060350597,0.032521073,0.051168166,0.029258614,0.03430335,0.040129356,0.018299194,0.0132799065,0.030661356,0.060235288,0.02155913,0.015851824,0.036824547,0.027310362,0.036587052,0.02690596,0.027710268,0.007646187,0.03778936,0.055297475,0.027678858,0.035280578,0.026798556,0.061160665,0.058394205,0.050812215,0.028621614,0.050983097,0.017458165,0.031252068,0.042943504,0.043329928,0.039737392,0.029008701,0.0410464,0.052897174,0.045194346,0.02128014,0.0468905,0.037908994
0.023834405,0.030485751,0.027525373,0.02517117,0.030852936,0.029766608,0.02638588,0.018876167,0.0250962,0.026303781,0.030720625,0.022864847,0.06987611,0.035762314,0.019199142,0.033331204,0.030223528,0.027417988,0.03608186,0.029284643,0.02613712,0.043757427,0.05920639,0.020046785,0.04017872,0.03178374,0.01649806,0.020801216,0.01992085,0.04634487,0.038880818,0.0457133,0.049735617,0.0493742,0.019346226,0.025979392,0.02447117,0.013781047,0.06858115,0.05059156,0.039518673,0.036076814,0.030451693,0.016876502,0.07106696,0.042036083,0.037949108,0.021146143,0.02923098,0.03957394,0.023401836,0.018088756,0.022471694,0.027068023,0.041061856,0.019439712,0.03656805,0.053632405,0.03730952,0.013245492,0.033258807,0.022612905,0.03163898,0.02352161,0.03377328,0.033632692,0.014129211,0.028978212
0.008264917,0.018270427,0.014677929,0.042733602,0.021031205,0.024819795,0.036352087,0.038958997,0.044728473,0.04945116,0.07347938,0.053861428,0.06832856,0.04196235,0.006150436,0.026505558,0.029666863,0.027195578,0.048165437,0.015883315,0.01075937,0.075418584,0.045166437,0.023878526,0.030747129,0.0440544,0.041493956,0.0411478,0.060989365,0.05495735,0.04651285,0.055873837,0.0666997,0.07381984,0.015978988,0.0055667176,0.030416714,0.039224803,0.05821441,0.036494587,0.058506023,0.019858286,0.046555523,0.013034624,0.06437121,0.020042172,0.06032106,0.039867844,0.032829214,0.061315056,0.015562358,0.043652404,0.04510212,0.0709995,0.053832877,0.040778957,0.023630789,0.06372155,0.0785369,0.034817994,0.052519273,0.020858122,0.036952965,0.037283413,0.076179095,0.021412183,0.033916067,0.03310697
0.017118061,0.0364694,0.03254014,0.08655613,0.039661486,0.044189397,0.05601324,0.083675064,0.06567197,0.069324575,0.08379355,0.09904069,0.04882009,0.06238657,0.0143244965,0.042817708,0.03234521,0.038385,0.057972394,0.018070038,0.015220881,0.05693252,0.036015715,0.024262834,0.031880718,0.06089276,0.08253843,0.075599186,0.098674305,0.065588,0.07478731,0.05921697,0.048303585,0.053216066,0.0057825493,0.019370046,0.05185005,0.08593654,0.041593913,0.03400218,0.0603951,0.037012823,0.06661286,0.038422428,0.04583335,0.025397483,0.0593033,0.08599557,0.050915923,0.05503911,0.03788752,0.08223302,0.07973563,0.087760665,0.062146924,0.08034768,0.035449088,0.04512006,0.06826487,0.06607349,0.07103276,0.04346581,0.050964598,0.080727935,0.079159304,0.03691457,0.0737852,0.041701034
0.013599889,0.04241337,0.03940808,0.08365281,0.044521432,0.048581026,0.06005634,0.07730682,0.062351163,0.064262696,0.0794921,0.08833463,0.07671988,0.06461119,0.014350188,0.04776601,0.032919567,0.004231074,0.06731019,0.008384256,0.026402798,0.08129489,0.04494544,0.008177108,0.026192188,0.06526216,0.0692701,0.062410936,0.08638922,0.07708646,0.074336,0.07365602,0.075560406,0.08220312,0.012522155,0.017847555,0.056205142,0.06996949,0.06071238,0.0338246,0.069787085,0.008613718,0.058615245,0.040983427,0.0695858,0.008162406,0.070748165,0.07711049,0.056206,0.072286114,0.043348193,0.06734567,0.064157285,0.080434024,0.07169089,0.07377658,0.041793086,0.07244909,0.08068586,0.06174464,0.060840506,0.047280796,0.054797504,0.07264604,0.079421304,0.043791287,0.06549779,0.04612605
0.058065686,0.044402514,0.04396984,0.03565558,0.04536068,0.045230217,0.043041617,0.042721458,0.040962055,0.04201714,0.046972185,0.04629325,0.0135678,0.034908004,0.057498578,0.042514376,0.033617515,0.059487317,0.026484191,0.063119546,0.038392343,0.021837352,0.025663614,0.065586805,0.03073214,0.03286771,0.048873514,0.042451832,0.052160278,0.022226827,0.03406399,0.025791118,0.016529612,0.018595112,0.076974474,0.051854115,0.044613115,0.050963227,0.018996477,0.028112924,0.02873085,0.05542039,0.041424174,0.048911825,0.015618087,0.059572134,0.028306903,0.044154577,0.042005308,0.025370982,0.045528788,0.05039486,0.044657357,0.05170489,0.025168518,0.041085847,0.04229546,0.0157201,0.030773938,0.04511104,0.0415851,0.0470949,0.03637972,0.042943183,0.041724358,0.04216241,0.042963468,0.036146346
0.016835205,0.018238103,0.012570174,0.04499776,0.02198484,0.026323335,0.03699967,0.052634105,0.04494774,0.050601065,0.07289337,0.077699155,0.034449365,0.06559496,0.021047609,0.025989054,0.05309243,0.049202174,0.04177912,0.021095632,0.027211834,0.063280076,0.030165885,0.04517615,0.043800194,0.03859018,0.06866367,0.043701537,0.080516964,0.04521827,0.06914924,0.047419544,0.052462265,0.057845972,0.023496097,0.009012963,0.03169062,0.07558973,0.030334389,0.03626152,0.060416706,0.033983625,0.053911347,0.022584636,0.031770848,0.030982936,0.06184565,0.06806723,0.032751877,0.057363287,0.019439317,0.0681332,0.050276257,0.07436749,0.043482218,0.043699283,0.021995876,0.048496466,0.07214573,0.033215012,0.05944837,0.024500702,0.062000304,0.06541876,0.07335401,0.018360479,0.04447876,0.058618575
0.015274876,0.030882712,0.022433218,0.04824074,0.035928044,0.040402412,0.04920068,0.050564658,0.056564376,0.062196266,0.08326484,0.05980141,0.06856981,0.060121335,0.012585999,0.038086344,0.045272443,0.013218155,0.06265957,0.017821686,0.008960848,0.08671706,0.042119615,0.014992259,0.035681345,0.05010118,0.06645835,0.05161637,0.06833234,0.05585708,0.0613875,0.06515446,0.076747455,0.08460897,0.03773137,0.023205968,0.043884527,0.07083293,0.05941785,0.03365572,0.06814695,0.031914707,0.056644995,0.032766465,0.06478785,0.07456956,0.0703553,0.057520688,0.045440644,0.07286941,0.031186638,0.06763121,0.057329264,0.07977383,0.053962223,0.048725884,0.031489845,0.07459459,0.08910677,0.044621706,0.061950102,0.037310332,0.05717835,0.05668863,0.08600615,0.027349362,0.043063037,0.053158402
0.02697362,0.012979262,0.015620284,0.06321094,0.014544933,0.019462286,0.03517735,0.075535975,0.055853177,0.063834764,0.08289781,0.110412434,0.028066028,0.074363776,0.029306952,0.012197603,0.053870074,0.033284962,0.012064376,0.028064618,0.027942002,0.035689823,0.046058055,0.03355828,0.050150987,0.019862114,0.100862935,0.06658091,0.11386644,0.022775564,0.08188561,0.012077565,0.017966272,0.027378444,0.0314845,0.023662675,0.03253808,0.10994468,0.04146893,0.049173508,0.026319696,0.028338667,0.041708715,0.026856935,0.03598596,0.025531601,0.028877458,0.09349444,0.025591323,0.023576545,0.020347297,0.10182151,0.07515645,0.093752764,0.013415809,0.06506845,0.007434172,0.015488562,0.05529418,0.056325294,0.046587493,0.026594361,0.06739124,0.087444864,0.073398225,0.009094147,0.06212676,0.06122146
0.013499603,0.015099373,0.013536306,0.0563648,0.019179352,0.025429893,0.044890203,0.061276574,0.06266573,0.071924165,0.107019916,0.102951705,0.044010002,0.058925826,0.015120087,0.022464078,0.04442383,0.026152262,0.03512427,0.017207809,0.03246711,0.06531165,0.047635507,0.026958672,0.045702465,0.040491566,0.08491582,0.05992006,0.11511149,0.04669469,0.064983666,0.03910228,0.043406595,0.05546608,0.02021879,0.013389777,0.038349528,0.09155979,0.049310416,0.046921086,0.048186906,0.023727821,0.05460432,0.019021276,0.0479488,0.021458674,0.051205367,0.07601985,0.036072202,0.048116066,0.015344968,0.08888273,0.06862356,0.11262585,0.04051634,0.05827189,0.014949942,0.036665063,0.086859114,0.054490972,0.06154397,0.025612663,0.05257072,0.06744471,0.10180359,0.014874939,0.054342974,0.04761011
0.043192483,0.052011307,0.048795763,0.027397066,0.05222107,0.050424196,0.04356123,0.02328776,0.035328694,0.03441178,0.037353534,0.018891169,0.04301384,0.019438686,0.03978167,0.05259091,0.017656771,0.021562986,0.04622043,0.04573061,0.01914539,0.04200986,0.03940493,0.022458708,0.022059578,0.042157654,0.018330747,0.03213255,0.022741389,0.035857346,0.019300787,0.045001857,0.044845536,0.04100967,0.044871677,0.046346966,0.043547522,0.017924575,0.044076294,0.031465814,0.048377234,0.033491634,0.046036165,0.04412445,0.043797176,0.06755028,0.047787998,0.013157262,0.047157653,0.04676789,0.04796312,0.019707592,0.0310988,0.032208934,0.041450385,0.028472736,0.055113725,0.047020636,0.044002976,0.030979365,0.04681473,0.045510124,0.01909089,0.012943235,0.041279685,0.053703755,0.028237073,0.018312868
0.015932418,0.049900465,0.0446845,0.09556816,0.05428573,0.060452547,0.07500284,0.095989734,0.08611061,0.090736456,0.10200865,0.10603689,0.045487132,0.052453186,0.021281304,0.057177663,0.021254139,0.0062937927,0.07363025,0.012871332,0.027311452,0.07184692,0.011810674,0.01913649,0.017491523,0.08309684,0.105499774,0.09743596,0.11453881,0.08463265,0.065597445,0.0777145,0.05975615,0.066055134,0.031722564,0.016888566,0.07086853,0.106262535,0.027369492,0.013889903,0.08300635,0.01124689,0.09370456,0.05369769,0.03725019,0.02014798,0.08505423,0.089614004,0.06867484,0.0813619,0.05173801,0.10922579,0.103567205,0.107394904,0.0832443,0.0932106,0.04780026,0.053372283,0.08535676,0.087769374,0.09858381,0.060776036,0.04070123,0.0818569,0.09661779,0.049372133,0.09053147,0.031700283
0.01685426,0.03094631,0.023752306,0.03074921,0.032037087,0.031840965,0.031830553,0.031229952,0.035751592,0.039822,0.055208858,0.034039356,0.0438189,0.055104468,0.021170005,0.023886105,0.05126717,0.043067697,0.028791958,0.023263626,0.040916827,0.0560337,0.037565567,0.048214547,0.044071652,0.025588924,0.04264762,0.03778641,0.042452943,0.030869951,0.053045403,0.030224029,0.044760883,0.053484105,0.038388032,0.015155491,0.03216127,0.039077215,0.042015787,0.038553048,0.04150267,0.04033091,0.041748498,0.031409632,0.044022653,0.046974212,0.04392625,0.04102521,0.02904285,0.04073938,0.032452483,0.04472233,0.041673616,0.053986683,0.027337715,0.027182095,0.0127455825,0.04170239,0.05737281,0.027828539,0.046677403,0.03269058,0.055511884,0.043614015,0.05593364,0.022715067,0.02824233,0.054911576
0.027737556,0.006067903,0.009290633,0.0146804005,0.007743735,0.0104461545,0.017622815,0.011758861,0.0255955,0.028972037,0.0436117,0.021089962,0.04132081,0.029872628,0.027998887,0.012748045,0.034825016,0.014786921,0.0273332,0.025867112,0.013166285,0.049867336,0.03297432,0.016485138,0.033043906,0.021694563,0.0176438,0.023323623,0.027466603,0.025572436,0.027135005,0.02812334,0.042944223,0.048486825,0.031036057,0.029438345,0.014092833,0.017024776,0.03745828,0.032070894,0.0401148,0.024182323,0.027361823,0.009641794,0.03999518,0.046116725,0.043088835,0.016986575,0.015739517,0.04206887,0.0063462276,0.021414151,0.025813535,0.040367007,0.022874765,0.01579088,0.014090994,0.040841024,0.049935058,0.016919076,0.03134302,0.009808591,0.032374576,0.018070932,0.046640426,0.008603612,0.01576768,0.034668803
0.020903265,0.04422534,0.033862285,0.036166683,0.043890983,0.041559454,0.038473453,0.03199918,0.042310093,0.04820042,0.073133506,0.03699,0.033933472,0.04298774,0.021431886,0.03679892,0.06551568,0.07576843,0.027198024,0.024311664,0.065745614,0.041210745,0.06348517,0.07241823,0.06877433,0.033588316,0.04738249,0.048536554,0.05890236,0.0328755,0.033659477,0.027502876,0.020735277,0.03088771,0.053156953,0.0243971,0.038444154,0.043097865,0.053398076,0.06750371,0.039245784,0.07497711,0.0474137,0.029881239,0.046417963,0.07086089,0.04181984,0.011260373,0.037859865,0.036902674,0.039390825,0.053149268,0.054159485,0.0732378,0.0312673,0.03308034,0.03125665,0.016230067,0.058184605,0.031571515,0.052722275,0.037401423,0.05201986,0.0084752925,0.07060889,0.03955299,0.03153665,0.05896617
0.029699452,0.009715928,0.009239024,0.023653306,0.01476133,0.020474989,0.03369727,0.018228076,0.04495818,0.051967453,0.08066123,0.019932443,0.08876367,0.06194458,0.022904867,0.024546823,0.06389243,0.041061524,0.05490089,0.030017143,0.035390463,0.098503,0.07054927,0.037285168,0.061648045,0.040135216,0.03072224,0.039366428,0.039491747,0.04835875,0.057553932,0.05666395,0.088740736,0.096980885,0.030218486,0.03975042,0.025451059,0.026739871,0.08284539,0.06358732,0.07286477,0.05117483,0.052199624,0.0026450534,0.08720472,0.08128896,0.07661313,0.026620364,0.030559603,0.07369867,0.0055910177,0.03634349,0.04529109,0.07225602,0.048010714,0.018778468,0.026290862,0.08647939,0.097754166,0.026507027,0.06080689,0.0136102205,0.0636085,0.03335468,0.08836961,0.01655514,0.023810862,0.06469557
0.005654334,0.015498573,0.011740182,0.04131637,0.017109148,0.019296952,0.024628157,0.041982006,0.027968515,0.029107824,0.033037536,0.04797257,0.030479662,0.035228703,0.004379582,0.0155689465,0.028593132,0.01286528,0.0233084,0.004948095,0.013008187,0.02093321,0.028580682,0.016306397,0.025765125,0.028431367,0.046756838,0.03507848,0.04896979,0.03234374,0.03863504,0.027120957,0.02182006,0.021899037,0.017863892,0.009979566,0.023880837,0.046946283,0.032612715,0.026218994,0.0251877,0.022329712,0.033135276,0.016182104,0.03281831,0.037621804,0.02413777,0.042413846,0.021359935,0.02304791,0.016778702,0.046003576,0.037375547,0.038910896,0.029504232,0.036230203,0.010335442,0.02272665,0.020605259,0.032066062,0.03494734,0.019987183,0.032572478,0.039656688,0.027381418,0.01324351,0.031818252,0.031479727
0.023012517,0.043110773,0.036072947,0.039211202,0.044359203,0.043959673,0.041154046,0.03898653,0.04433625,0.045697663,0.041405443,0.027577357,0.019318825,0.028694432,0.02482712,0.04145683,0.016921131,0.039847486,0.030358484,0.021822162,0.02291197,0.032232046,0.01205535,0.032192804,0.01948387,0.03516918,0.047634725,0.05660876,0.034865495,0.035012394,0.0293932,0.031224675,0.025928117,0.02954708,0.032071874,0.020624781,0.041317377,0.04680061,0.01122455,0.019080382,0.047036666,0.033711404,0.0538958,0.03576966,0.015891504,0.009319646,0.050050065,0.029701233,0.041561417,0.04522223,0.04019342,0.052892324,0.060417898,0.040810913,0.03239904,0.040580314,0.035581313,0.023187745,0.03689896,0.043722615,0.0575183,0.040866274,0.025882198,0.029938128,0.040170986,0.040589985,0.03835399,0.021842495
0.030539745,0.053330008,0.049623568,0.090821095,0.05835793,0.06500391,0.080375336,0.09185,0.09786121,0.104445785,0.116893604,0.092738025,0.064376146,0.03546787,0.034501556,0.064599186,0.02434989,0.027835917,0.084763825,0.026655301,0.008149143,0.10238869,0.026962534,0.019422404,0.026809962,0.08616834,0.105574265,0.10692378,0.107804984,0.09069727,0.04640227,0.09041814,0.08738459,0.095940314,0.043315172,0.035401203,0.07433626,0.10476576,0.040123634,0.02430294,0.108439416,0.019763835,0.10597273,0.057271127,0.052318156,0.05223525,0.112561844,0.07479467,0.074440084,0.10826185,0.05412338,0.112933345,0.11456476,0.116583474,0.08763135,0.091218375,0.058789965,0.079824686,0.11362782,0.09124718,0.11298195,0.06419408,0.028831206,0.06700875,0.11696713,0.055101436,0.092197776,0.025072541
0.0837532,0.07285689,0.065390676,0.03428512,0.070314,0.062689684,0.049280763,0.029467683,0.052665934,0.059741206,0.09100903,0.048963163,0.022579877,0.059121653,0.07965799,0.05928565,0.09383849,0.08612309,0.038806293,0.08353689,0.06462295,0.06478841,0.07761419,0.07516061,0.10007459,0.03828351,0.046508692,0.048476506,0.072097294,0.043108206,0.04553488,0.039666057,0.0312432,0.0509321,0.04873836,0.077726915,0.0511924,0.046658136,0.056075558,0.09299582,0.055229276,0.07515559,0.05291582,0.056332313,0.04127676,0.045973107,0.058504388,0.013856938,0.05213456,0.052201394,0.06540116,0.05462661,0.05584801,0.088847354,0.041041333,0.031366765,0.05823547,0.018373031,0.083735265,0.035357237,0.059751038,0.05777672,0.07032461,0.009565796,0.091259204,0.06638516,0.02870793,0.07922514
0.028037082,0.013034893,0.013699039,0.016615786,0.010103589,0.0065838695,0.011628095,0.01344676,0.022149317,0.026476754,0.03866525,0.018304875,0.03182337,0.04014494,0.027181076,0.004141282,0.05467227,0.053950917,0.034129582,0.031969298,0.03491603,0.051308468,0.034543112,0.051370762,0.05478692,0.027872793,0.024152176,0.024165072,0.022904644,0.039094742,0.033782694,0.03974773,0.04252813,0.048984706,0.030129366,0.022344247,0.008411149,0.022036226,0.023941074,0.046569522,0.046516508,0.040803697,0.030596714,0.017920049,0.026321094,0.012985485,0.050324637,0.02384704,0.007526627,0.051895764,0.016251283,0.029110616,0.029731974,0.035131156,0.036135834,0.011983703,0.010179929,0.038271107,0.051419824,0.012084136,0.03516193,0.011493963,0.04543386,0.02750632,0.043246582,0.009952617,0.011088098,0.04911149
0.035439324,0.02107196,0.015057304,0.044616513,0.021014754,0.021282332,0.034204934,0.042425152,0.044690922,0.05199454,0.0850946,0.053602945,0.0473738,0.0467508,0.03573893,0.016083388,0.05250924,0.04720531,0.037363812,0.045608457,0.024782058,0.07364459,0.04024304,0.04374214,0.04942325,0.038971275,0.056640014,0.048390154,0.07065395,0.04787579,0.045021188,0.043010574,0.054687258,0.068052724,0.035858456,0.027882636,0.028210256,0.057352155,0.042072028,0.0448027,0.04698487,0.035572883,0.048735857,0.022293024,0.04516373,0.02208198,0.048779093,0.03851001,0.027101064,0.04576567,0.021962626,0.061264362,0.055594087,0.08429273,0.04401389,0.03523925,0.005045081,0.04799628,0.08306753,0.034976885,0.055363316,0.021922566,0.048789788,0.035631597,0.08599439,0.012848078,0.034566436,0.050473247
0.017482769,0.020921744,0.020176895,0.06449408,0.026063824,0.03425467,0.054856464,0.06288297,0.06853054,0.07590404,0.1044265,0.094189376,0.05011434,0.053777628,0.021927169,0.032000743,0.031896405,0.021758666,0.048679523,0.016285015,0.023915814,0.07556764,0.034290306,0.021331886,0.029466683,0.052594386,0.08369904,0.075838014,0.104975455,0.05934162,0.061367705,0.05357001,0.05797653,0.06900576,0.023975264,0.015446135,0.048078235,0.084638014,0.043153375,0.030510653,0.07171,0.012440108,0.07423867,0.031155912,0.047251422,0.015283368,0.07399497,0.07432671,0.04628752,0.06609907,0.025192441,0.08903683,0.08313537,0.10760695,0.052737705,0.06001657,0.024638882,0.05140309,0.09130834,0.059706707,0.081814975,0.035544872,0.046142448,0.06736464,0.1015055,0.021878622,0.05474754,0.039317295
0.007902179,0.023478257,0.019441525,0.06572024,0.030505681,0.04071798,0.066526815,0.06048381,0.08215652,0.09184362,0.13154611,0.07629943,0.090198554,0.05047386,0.006239454,0.04246965,0.048383236,0.029535113,0.07502852,0.018637406,0.022438968,0.12424528,0.059460044,0.021651303,0.04910834,0.07121262,0.08057756,0.084545285,0.10020988,0.07914785,0.05120643,0.08080395,0.10344391,0.11756718,0.017582405,0.014147311,0.054970752,0.07668315,0.07616112,0.05158686,0.09947841,0.029752742,0.093768075,0.022423258,0.084098995,0.046528023,0.102826364,0.050834246,0.0580235,0.094899185,0.022704033,0.089726046,0.09363429,0.12705147,0.077625364,0.059267282,0.036648422,0.09562572,0.1359979,0.06635856,0.10457136,0.03560149,0.04894865,0.043101057,0.13591887,0.029567812,0.06030516,0.047649194
0.021638475,0.0129991835,0.004663752,0.022945352,0.014920401,0.016373314,0.021000478,0.024671111,0.024817793,0.029950095,0.050297078,0.045461345,0.041205145,0.033819236,0.021445176,0.013071376,0.026101729,0.018354079,0.0034746886,0.025856787,0.012925396,0.031922616,0.029625189,0.01896246,0.025528805,0.011587352,0.03893386,0.028566642,0.05195589,0.00895564,0.0376449,0.0062022074,0.028848965,0.032996453,0.01797111,0.0164342,0.01892461,0.043632917,0.037743274,0.027069328,0.016069558,0.011008168,0.024807153,0.014102733,0.0410102,0.01140002,0.018245162,0.03564708,0.01736227,0.017194713,0.012687697,0.040552005,0.033242308,0.05342257,0.009189965,0.017768841,0.009887799,0.029326413,0.03977132,0.018270165,0.028917436,0.015808227,0.030032644,0.032724608,0.047818005,0.01053034,0.020876653,0.027335543
0.019941745,0.018642863,0.012784414,0.032154642,0.020828549,0.022629503,0.02873519,0.032875612,0.034027986,0.038936075,0.06300681,0.04567194,0.04307319,0.0479452,0.022002995,0.018883713,0.03138993,0.037009157,0.03021417,0.020689828,0.033403654,0.059429534,0.026352247,0.036089506,0.025329217,0.029233279,0.028568592,0.027250616,0.050239876,0.029895362,0.049683057,0.031218402,0.046539664,0.05661681,0.038502485,0.018745262,0.026063776,0.031383518,0.03766624,0.022199359,0.032364473,0.039963104,0.02840458,0.024705619,0.041609958,0.044598516,0.034309268,0.04118825,0.024962226,0.036980163,0.020917028,0.028579917,0.029568067,0.0618914,0.030599132,0.033651777,0.013214411,0.042688854,0.06288139,0.032001793,0.031612,0.023241559,0.04401303,0.042330656,0.06380143,0.0127369305,0.034636807,0.03914912
0.018174259,0.023967918,0.019699115,0.046714447,0.025351403,0.026594775,0.032469872,0.046514437,0.04206465,0.04752508,0.06525052,0.058892854,0.024266643,0.034797415,0.016215803,0.021602556,0.021449007,0.017565126,0.027097508,0.010771137,0.015266503,0.051890645,0.018977096,0.018172575,0.019118927,0.028596487,0.0529051,0.041909218,0.0662231,0.0337925,0.038674723,0.028824368,0.036607776,0.04728464,0.016770173,0.01717896,0.030582262,0.05614311,0.018519718,0.01944623,0.029379709,0.018711397,0.03266542,0.02649604,0.020394308,0.015503633,0.0314717,0.047983877,0.02789307,0.030720677,0.025351284,0.05501432,0.04754194,0.06701009,0.02931031,0.038629286,0.014026564,0.030106505,0.060377285,0.035300888,0.036818203,0.027774438,0.030820858,0.04413327,0.06388644,0.018244635,0.038996737,0.026946347
0.05621918,0.03866702,0.03512918,0.06892279,0.041641854,0.045682315,0.056736156,0.06878438,0.072868116,0.080222,0.09620431,0.09398356,0.022752997,0.0557611,0.057743628,0.039679408,0.04710122,0.041067082,0.043842066,0.05175001,0.046749886,0.06660248,0.015554981,0.04692798,0.042363733,0.04740077,0.08816056,0.07424929,0.1037848,0.051889364,0.06046493,0.04576859,0.04737656,0.05929047,0.03515167,0.051326342,0.05407952,0.08913946,0.0054446035,0.029754909,0.067032985,0.037000757,0.06788615,0.043983508,0.012631291,0.025552798,0.07075851,0.07791668,0.05021593,0.06317302,0.04118569,0.09237653,0.082407616,0.100772746,0.04415362,0.06545341,0.029539302,0.03804923,0.082264036,0.05812414,0.07520411,0.047909345,0.052157544,0.0713908,0.09189884,0.03340257,0.062537,0.049167365
0.020388365,0.01810802,0.011682002,0.0387909,0.017842397,0.01748856,0.025492633,0.04018233,0.040151406,0.047734234,0.0712143,0.071445346,0.04282582,0.050586827,0.024437672,0.015148973,0.031922817,0.034170512,0.012255535,0.018164318,0.024832336,0.03729431,0.041992713,0.035421323,0.03169303,0.0077235335,0.050258137,0.03154019,0.079162,0.016717983,0.05625751,0.011904136,0.029840421,0.033961765,0.030052032,0.013878311,0.021458792,0.058940444,0.0461498,0.03732893,0.02727039,0.028396191,0.025262127,0.019365776,0.04617666,0.019945838,0.030623848,0.05985144,0.01894914,0.027642816,0.016827006,0.052154023,0.038657866,0.076343976,0.009065781,0.033284303,0.01438171,0.030007228,0.053587765,0.02663212,0.031742863,0.017558947,0.044292126,0.05703157,0.066652216,0.016588993,0.030661784,0.038048618
0.04769462,0.040251218,0.03360198,0.06823213,0.045479875,0.051704835,0.06659288,0.06545363,0.0828717,0.091264434,0.114194475,0.08030338,0.06719508,0.03243233,0.043316435,0.05010362,0.00814564,0.030579455,0.06708774,0.03983303,0.04025456,0.10540635,0.03568729,0.025855914,0.020424416,0.06334505,0.07907563,0.07959335,0.09542804,0.067045495,0.04123792,0.06838462,0.08763393,0.099581316,0.013937986,0.05163008,0.059678633,0.07682036,0.050055932,0.028030679,0.08728427,0.041189462,0.08233782,0.035126913,0.058169737,0.04162984,0.091337115,0.059917774,0.06082372,0.0843421,0.037868008,0.085923925,0.08803744,0.111481205,0.065100074,0.06355906,0.041087143,0.07941367,0.11630199,0.0645655,0.09160852,0.047249783,0.02185215,0.05167965,0.11677198,0.040392935,0.066910185,0.012042589
0.036762204,0.022785552,0.018063987,0.027728938,0.023495542,0.02268627,0.02244897,0.03200539,0.029669689,0.035039727,0.048368268,0.05919646,0.037257362,0.03047118,0.034910273,0.016615365,0.033983186,0.0427153,0.012955313,0.032024056,0.038490277,0.05105448,0.023084126,0.040470272,0.03547158,0.013084279,0.04189591,0.028979093,0.060681116,0.01327583,0.034540802,0.019064697,0.041739747,0.052308712,0.020231439,0.03296747,0.023107937,0.048153203,0.024055269,0.029873172,0.027652513,0.038511004,0.020472532,0.02391216,0.030273931,0.02620776,0.033454973,0.04519299,0.01925583,0.036638025,0.023285275,0.042952377,0.033748712,0.052001435,0.012770703,0.025023272,0.01134147,0.037464414,0.04805716,0.024084184,0.024732428,0.024085972,0.029296802,0.040566307,0.04591342,0.016586183,0.027585136,0.029889595
0.016891643,0.026773578,0.019410426,0.045641307,0.030488774,0.03367379,0.03969675,0.05014309,0.043360766,0.04760314,0.06660222,0.062471077,0.052381862,0.03810395,0.011993078,0.027981015,0.021939568,0.022799343,0.034957916,0.011756756,0.010569991,0.03986629,0.043584798,0.02664368,0.02553372,0.032993082,0.060142443,0.052949928,0.07251327,0.035244904,0.04187083,0.03616373,0.041537486,0.040334176,0.027697433,0.020714274,0.038118035,0.059887502,0.053047586,0.03508099,0.04188808,0.014236013,0.038898952,0.028265484,0.05476953,0.016223796,0.043146078,0.05213761,0.034898546,0.042426083,0.026523085,0.05926727,0.05610503,0.0725054,0.03157959,0.042304467,0.020002278,0.04431442,0.04632943,0.040307872,0.042884722,0.033875413,0.033173963,0.047268193,0.05968571,0.022755088,0.04202677,0.027582126
0.03420783,0.03222529,0.029134564,0.014014446,0.032102127,0.030088536,0.024936672,0.018425742,0.02946947,0.031792343,0.027939763,0.019678414,0.015018649,0.03280288,0.03639851,0.026712196,0.03163485,0.018138394,0.010793034,0.038214568,0.017414058,0.021342838,0.021650102,0.022415224,0.027903825,0.01231616,0.030547937,0.030966954,0.021791026,0.0131734945,0.031606674,0.014024425,0.012402455,0.018471299,0.037328098,0.03073067,0.026625639,0.027728476,0.0194422,0.024636228,0.03144746,0.012723993,0.033394866,0.030299349,0.01778874,0.018785246,0.03220042,0.023991514,0.025130149,0.024890423,0.03136783,0.03281633,0.03324881,0.02739911,0.011986871,0.017987905,0.024896713,0.009963455,0.025406761,0.022270858,0.03620675,0.030093333,0.03340037,0.026379908,0.027212916,0.028748715,0.0217051,0.03311479
0.01436943,0.017254606,0.016101949,0.028695386,0.018446142,0.01985189,0.023674743,0.025903266,0.026135713,0.027769122,0.036266346,0.042061124,0.01433065,0.038272254,0.018166708,0.018813355,0.028883114,0.027560111,0.0264915,0.014450497,0.035425946,0.022065213,0.015789386,0.030226389,0.025631865,0.027177773,0.03419623,0.029221412,0.04196128,0.029618446,0.039911773,0.028145652,0.016662164,0.018441346,0.020367607,0.01258918,0.02231944,0.03289934,0.016498243,0.019580696,0.02954209,0.021931987,0.026483689,0.018889964,0.015761727,0.00247316,0.02929222,0.037042826,0.021837348,0.026828831,0.016979603,0.03627244,0.032271482,0.037585966,0.02788469,0.023365423,0.015420889,0.014582686,0.029743817,0.022481909,0.027975235,0.019727863,0.03485183,0.03610375,0.03455393,0.016836341,0.025238315,0.031732615
0.031582292,0.0151902065,0.018774504,0.015669014,0.014045206,0.014456842,0.021299798,0.008038042,0.024524814,0.027950952,0.04660528,0.01074579,0.06109144,0.045646865,0.03222322,0.01839793,0.04639382,0.041765627,0.039605886,0.032710586,0.046846192,0.062091403,0.05169793,0.039015967,0.047422115,0.034947325,0.010765109,0.020778313,0.016869543,0.033424344,0.043225177,0.037919972,0.05698302,0.061779086,0.0337396,0.030922657,0.016615458,0.0065128547,0.05959553,0.048281703,0.038010314,0.041924823,0.02926014,0.016514145,0.061284885,0.03428384,0.03995444,0.016648274,0.020634042,0.040570214,0.0147737395,0.0152920345,0.023792706,0.04006206,0.037392337,0.014523555,0.020826774,0.056104697,0.06020466,0.017700445,0.033245463,0.012634066,0.04562566,0.023926578,0.052468225,0.018655699,0.015275754,0.04543673
0.017728621,0.024418518,0.023143793,0.035412364,0.025831766,0.027579628,0.032599464,0.036814503,0.040646855,0.042552568,0.041272074,0.03373747,0.02737338,0.016198304,0.01980346,0.028127631,0.014637349,0.028071247,0.03872204,0.017425124,0.025563003,0.047176555,0.0127437925,0.023418559,0.01499414,0.034644965,0.042879723,0.043067507,0.037159767,0.04352295,0.018221915,0.045818727,0.040728856,0.04499022,0.025981646,0.016264638,0.029862974,0.04091516,0.016232973,0.013683975,0.056630947,0.019708926,0.046499785,0.022280619,0.020951495,0.014959939,0.05804531,0.026353983,0.031027555,0.05544096,0.02292507,0.04527772,0.04552194,0.039356254,0.038547263,0.034698274,0.025646044,0.036736585,0.048317973,0.03618743,0.050167523,0.026067078,0.014622705,0.023816584,0.043810625,0.025226094,0.033940352,0.013994609
0.027525453,0.033569604,0.032006435,0.023573078,0.032785486,0.030617138,0.02485504,0.02441961,0.024453642,0.025141014,0.024780976,0.021452889,0.024005786,0.01888621,0.025471907,0.030832866,0.035438947,0.031401597,0.023339974,0.029707741,0.034109112,0.02020486,0.03793902,0.026719663,0.04056575,0.022981187,0.031383514,0.028878495,0.025643779,0.02411859,0.014749487,0.023560425,0.020313963,0.019622352,0.026928524,0.029890351,0.02618978,0.02885041,0.031987652,0.04061953,0.024462808,0.03607407,0.027099429,0.026987115,0.027819436,0.040456668,0.024345484,0.017691534,0.026727302,0.023446873,0.030234383,0.033535276,0.031355824,0.025164822,0.020977803,0.017915795,0.033858746,0.022374464,0.0226826,0.020657184,0.029211922,0.028790276,0.023368351,0.016245605,0.02399548,0.033058986,0.022190083,0.028120039
0.032513414,0.032999676,0.030899828,0.04904892,0.03254672,0.03211822,0.033620644,0.05388958,0.04685522,0.051459145,0.0547082,0.07179875,0.024852475,0.053870894,0.03268691,0.02695825,0.054279167,0.0343858,0.016288796,0.03433943,0.033285633,0.014500891,0.045892194,0.032176834,0.054713257,0.0228462,0.074772395,0.059026837,0.076256186,0.014646515,0.056650832,0.010886877,0.0038178621,0.008894596,0.025051158,0.032525174,0.034554403,0.072682485,0.03878967,0.051315427,0.03274416,0.037034698,0.04878148,0.03334568,0.03298907,0.041852027,0.03386422,0.06414529,0.02947735,0.022009876,0.034214932,0.07732842,0.065161906,0.06337901,0.013789868,0.04791882,0.0270576,0.0107118655,0.029896352,0.042663783,0.055708364,0.03502502,0.05242755,0.060596142,0.045946334,0.029241215,0.046409372,0.052351125
0.027948543,0.02566407,0.026081176,0.026135964,0.0229417,0.018862972,0.014568879,0.031639274,0.022389892,0.028256616,0.04762678,0.058402184,0.046970725,0.040655825,0.02735626,0.023016524,0.052641954,0.06310609,0.023997659,0.028804485,0.0565261,0.026833098,0.06768279,0.053951517,0.06407398,0.021331087,0.042260014,0.024222447,0.06269866,0.026407404,0.042872816,0.02926061,0.030147154,0.026811177,0.035082623,0.028808901,0.013756313,0.04869706,0.061271917,0.0688442,0.020649333,0.061583646,0.018127676,0.018002974,0.055133045,0.04350505,0.021433428,0.04612505,0.01626394,0.02663353,0.021124963,0.043726556,0.029674917,0.053660396,0.025504995,0.024236606,0.02944566,0.034902714,0.03191058,0.020092418,0.02211867,0.015209053,0.040386137,0.04321869,0.042095955,0.028322635,0.021300625,0.04277321
0.013780526,0.033827335,0.028198173,0.04568843,0.03615805,0.038589343,0.04525956,0.0462355,0.05825261,0.06354354,0.07221482,0.046650223,0.028945895,0.023155035,0.012897286,0.0366441,0.019149471,0.0056623793,0.04486243,0.012370791,0.011205569,0.059753105,0.013952739,0.00426681,0.019350814,0.041727915,0.060011312,0.06455325,0.058262303,0.038263015,0.025875581,0.04257855,0.04608601,0.054039482,0.0044669136,0.018539209,0.04149801,0.05258003,0.016945243,0.01662133,0.061479542,0.01358925,0.06635765,0.025092326,0.022082362,0.022837313,0.06316623,0.035389367,0.041752048,0.052213438,0.030964652,0.066386044,0.0704516,0.0703175,0.04032845,0.044412628,0.031852387,0.03970359,0.070493326,0.04878517,0.075524904,0.03498516,0.0199349,0.030152678,0.07326414,0.032948025,0.04956664,0.01810157
0.0247544,0.022245813,0.021430016,0.011347791,0.020659858,0.01798677,0.014260092,0.011649246,0.012892217,0.013942608,0.019960878,0.019790582,0.0462855,0.020792756,0.02002395,0.018570881,0.03724204,0.031834926,0.029675025,0.025757704,0.029079888,0.04477177,0.04385797,0.024992323,0.04187739,0.024341263,0.021768153,0.016021004,0.02288634,0.037252557,0.016223883,0.03886593,0.043084547,0.047697924,0.019075094,0.028425807,0.014844149,0.021450985,0.044937506,0.04337147,0.026657902,0.037897225,0.013212977,0.016863732,0.045780275,0.048653778,0.026885083,0.014712036,0.015145009,0.034243543,0.020229356,0.022849571,0.018162802,0.019973127,0.032970842,0.009418026,0.023959292,0.043365955,0.032772597,0.011796195,0.013288731,0.017533932,0.025666395,0.013736013,0.021684038,0.02212074,0.01204699,0.030456834
0.02450059,0.025960049,0.02457781,0.008277948,0.026819762,0.027032224,0.026837133,0.0068532242,0.027099427,0.028781319,0.035405505,0.015803622,0.021776311,0.00133821,0.024889069,0.02717545,0.017082652,0.011452991,0.025903143,0.026765073,0.023401858,0.03176596,0.023532704,0.014773229,0.022172658,0.025475422,0.010156003,0.01529438,0.0211504,0.024667285,0.005090211,0.028696338,0.029311646,0.029437073,0.025036141,0.02572396,0.025451815,0.0069044214,0.021402424,0.023784133,0.044104364,0.017650418,0.037297558,0.02171943,0.020958839,0.027249001,0.045790274,0.007450503,0.02713271,0.042393245,0.02338008,0.013101265,0.015500469,0.032664828,0.025804041,0.008664002,0.026520565,0.027970977,0.03730429,0.017130742,0.04069194,0.024365308,0.0051896856,0.005802622,0.037458364,0.026065696,0.011280487,0.010137516
0.037464675,0.04083328,0.033905882,0.044897124,0.041361,0.038685866,0.031036798,0.050458267,0.03317301,0.03563614,0.04423887,0.06833196,0.023402765,0.034401864,0.039347123,0.032057293,0.045493834,0.043716036,0.008121788,0.03192643,0.032979164,0.021680057,0.03749319,0.044781137,0.049731307,0.017359886,0.054026127,0.040302925,0.06788304,0.008842162,0.039278626,0.0042438987,0.013323097,0.021671968,0.03679756,0.034685317,0.034058116,0.057268925,0.030402893,0.045100372,0.007880825,0.035767592,0.026156537,0.04023336,0.026638834,0.024553727,0.010239225,0.054710142,0.029453414,0.009102925,0.0392853,0.05371223,0.04329506,0.051393375,0.00818601,0.040902134,0.026096474,0.013083552,0.025327891,0.03926304,0.027824052,0.03952739,0.034097917,0.049447384,0.035771295,0.0335471,0.04431605,0.037411902
0.032417014,0.04708465,0.04199384,0.056067154,0.04917602,0.050229974,0.05095956,0.05806757,0.05424682,0.05607446,0.05714129,0.06343691,0.010138838,0.04302895,0.0366124,0.044442467,0.019210275,0.011895257,0.03817813,0.03393232,0.020022476,0.024013946,0.010080461,0.015916327,0.0099676065,0.04462173,0.06404505,0.057894323,0.06651325,0.038232476,0.048898164,0.033188745,0.018234013,0.01896799,0.04111638,0.029758463,0.051653847,0.0643645,0.0102084195,0.009990039,0.0438551,0.015158628,0.05966807,0.04959945,0.010661804,0.019702539,0.043216832,0.061642874,0.04811829,0.035915524,0.0485172,0.064705215,0.060207687,0.062385347,0.03668668,0.0558216,0.037002835,0.015941575,0.036176004,0.053090967,0.062089957,0.05155753,0.036970206,0.059074245,0.049813982,0.04190836,0.058720917,0.030390792
0.016225781,0.012209849,0.010425761,0.035064742,0.0121167945,0.012544129,0.015676182,0.037443254,0.02176578,0.024575569,0.035494428,0.050026916,0.021069905,0.05557701,0.019800492,0.008160689,0.04229313,0.023602966,0.014592403,0.018584551,0.020052034,0.028212832,0.025237594,0.027558984,0.03421806,0.01036731,0.047370877,0.03386565,0.047755234,0.016219834,0.05771005,0.017943244,0.024290819,0.026314516,0.022418488,0.012876002,0.015575471,0.04826984,0.023578024,0.028649522,0.0230276,0.018521925,0.019553613,0.018699115,0.022474201,0.022079138,0.024368286,0.051478263,0.012208238,0.023781799,0.015966777,0.04643624,0.037693754,0.03753167,0.013304677,0.030300565,0.005992996,0.023645163,0.03268843,0.020753775,0.022540137,0.016418187,0.052326128,0.052494943,0.03452109,0.007757005,0.029499931,0.048693053
0.025085106,0.019043067,0.01706333,0.018471468,0.01906906,0.018582895,0.017112177,0.019656,0.016371483,0.016417159,0.016396582,0.021043738,0.0066575543,0.017436346,0.02294732,0.01750473,0.030048642,0.036562555,0.011761721,0.02343843,0.03342255,0.002913663,0.023715407,0.031233761,0.03451775,0.014725433,0.016465655,0.015257792,0.0212691,0.0103111435,0.01582272,0.008342818,0.0010580035,0.0025773172,0.010076972,0.025017735,0.01757344,0.018500386,0.014901542,0.031014223,0.01026856,0.03460536,0.01559472,0.016568303,0.010901558,0.02327098,0.011278901,0.017848277,0.016836703,0.008769981,0.018247675,0.015444198,0.014471365,0.018428247,0.012105632,0.020446798,0.017380385,0.0029165726,0.005895444,0.017765077,0.01626373,0.018191107,0.019802842,0.016539773,0.012701901,0.018113868,0.020789167,0.023214908
0.010576137,0.019620745,0.017366739,0.021252887,0.020170368,0.020819834,0.023065671,0.020358162,0.01894735,0.020170052,0.030509757,0.03371819,0.02924761,0.023901254,0.009162666,0.022784498,0.01685204,0.012125831,0.032362062,0.010974902,0.01039206,0.03460008,0.026092287,0.011430561,0.021300226,0.02709241,0.02783817,0.01708659,0.03354569,0.033756163,0.027526712,0.03606277,0.033218194,0.03482219,0.015060301,0.010466969,0.020646077,0.029969567,0.02605122,0.025318066,0.026810843,0.011168282,0.019265825,0.011324917,0.027254937,0.01300415,0.026558094,0.026539464,0.023490185,0.029469475,0.016035898,0.028480684,0.021361038,0.030138966,0.032526556,0.016632149,0.023248529,0.032476995,0.033717792,0.015129828,0.018721147,0.016279986,0.020327695,0.024894387,0.031616043,0.022424528,0.017118933,0.017058633
0.015076378,0.010710388,0.0092657,0.026888847,0.011261403,0.012235652,0.014710479,0.025727483,0.018743297,0.019291325,0.016220596,0.018767081,0.027849248,0.023952426,0.01545892,0.012426838,0.013242912,0.021805122,0.017962324,0.014658041,0.020348659,0.024820741,0.018354235,0.020545142,0.012366704,0.016496122,0.024200182,0.030673958,0.015922422,0.012670523,0.025870193,0.015054485,0.024560321,0.026237698,0.013495522,0.015610441,0.013722729,0.021171827,0.023868317,0.01440343,0.015777923,0.02031605,0.018266458,0.00914443,0.02637572,0.0177978,0.015835624,0.019695602,0.013850188,0.013292188,0.010785431,0.02624514,0.032903906,0.014817476,0.015730087,0.023326477,0.011378112,0.0243715,0.021513823,0.02288911,0.018758396,0.011444679,0.020403558,0.020283422,0.017776966,0.011359819,0.026197826,0.017024448
0.011117353,0.009418044,0.011062215,0.023318212,0.012416353,0.017761765,0.032462247,0.01972915,0.040251918,0.044165585,0.06562834,0.028460855,0.049431656,0.020428505,0.009420979,0.021659588,0.02588353,0.02373339,0.053923886,0.011488461,0.013936186,0.07853719,0.02892592,0.020087171,0.025769038,0.0460603,0.02513947,0.028434932,0.04181607,0.058203354,0.015487295,0.06311527,0.06600624,0.07515345,0.017980497,0.014858874,0.024869757,0.022491211,0.03543917,0.026696445,0.07106369,0.019950997,0.051629923,0.0068851137,0.041689944,0.032060914,0.07402218,0.009619979,0.029010542,0.0744376,0.007017184,0.028757531,0.030804865,0.05941304,0.0550597,0.02543303,0.01999891,0.060400654,0.080114745,0.028421853,0.057916563,0.013612254,0.023524089,0.0060501248,0.071947835,0.014791685,0.021793855,0.025098892
0.036720082,0.028038833,0.02253432,0.0154598355,0.027826266,0.025196545,0.011896332,0.020349463,0.01159525,0.014387741,0.017631127,0.034689326,0.047061954,0.0385878,0.045851517,0.020977149,0.048172507,0.066241875,0.024388295,0.029745879,0.04414392,0.04064187,0.044092603,0.06564583,0.053637706,0.016132666,0.022198059,0.010435365,0.03076797,0.0248527,0.041069865,0.030297859,0.040804137,0.044688147,0.05068091,0.026745498,0.016595442,0.026715735,0.043537196,0.04957885,0.024672879,0.053583175,0.0083097415,0.03433517,0.04553178,0.023141354,0.025738312,0.038129266,0.013863119,0.029732766,0.029520534,0.019889535,0.0117325215,0.01995019,0.021425594,0.014406137,0.01835997,0.040443502,0.032173663,0.011855626,0.009283561,0.027529968,0.038391817,0.04080238,0.02059536,0.022664126,0.018615564,0.040174264
0.056081165,0.05654407,0.045018505,0.049743928,0.059466526,0.05889271,0.054065984,0.05387835,0.06134296,0.06641809,0.07360431,0.072474524,0.04516951,0.02764451,0.055520363,0.055035047,0.0179888,0.023953335,0.04265129,0.039386816,0.030681148,0.06054736,0.031500533,0.0213299,0.025739687,0.042108204,0.065790445,0.066632316,0.075298436,0.0336559,0.038813222,0.038339153,0.05314137,0.057569105,0.01568269,0.06021639,0.0537188,0.06394686,0.03705184,0.0291655,0.06024317,0.027758095,0.061982006,0.046835262,0.040749323,0.03788294,0.06401184,0.05599427,0.05344523,0.05759212,0.051424183,0.06919827,0.0718556,0.074221544,0.0407946,0.04850208,0.049378667,0.05058463,0.068423085,0.052924536,0.069248825,0.054180045,0.017692212,0.049667973,0.072112955,0.0528415,0.055273768,0.012782726
0.0045690075,0.020810096,0.014153076,0.035116732,0.023795433,0.025977831,0.030088155,0.03778859,0.035132583,0.038881484,0.0517128,0.049137764,0.04905315,0.038445808,0.0032521463,0.022223914,0.023135245,0.024703087,0.027322082,0.004381297,0.022752954,0.04985161,0.037967592,0.015862117,0.026306586,0.023363512,0.045042753,0.034938823,0.05006527,0.030447248,0.043247465,0.0337336,0.04655078,0.04984425,0.019558426,0.01176208,0.028287265,0.047182392,0.04655571,0.03202845,0.042958364,0.033891685,0.034058288,0.021303184,0.048626058,0.029451722,0.04465313,0.04625719,0.026930973,0.040479437,0.020463882,0.044715486,0.03862702,0.05183209,0.030548098,0.030848907,0.01632103,0.04616339,0.05131197,0.026902143,0.03892505,0.024938432,0.032349516,0.045162883,0.051192924,0.017164566,0.034058187,0.027300442
0.024016345,0.029595163,0.02784541,0.069462106,0.032290746,0.036324028,0.04734605,0.06957535,0.055178273,0.057278916,0.065636985,0.07871033,0.029310504,0.025640313,0.023796082,0.034169696,0.01854808,0.03647048,0.055498935,0.02166512,0.026117528,0.052571855,0.019264339,0.024226332,0.024429483,0.056859784,0.070566334,0.061607845,0.081392646,0.058308624,0.03751916,0.0545598,0.04246934,0.05019257,0.029082805,0.024677392,0.04416132,0.07450474,0.015678333,0.023853071,0.053826272,0.034856208,0.06257761,0.033484805,0.021201624,0.028668743,0.05234765,0.0626791,0.04206189,0.049531486,0.03134058,0.07041441,0.06444455,0.07070551,0.055148255,0.06629297,0.028246932,0.03720553,0.05486843,0.060302123,0.065286115,0.03749291,0.017470937,0.05535327,0.06034669,0.02904447,0.06349279,0.014486144
0.019045986,0.018672358,0.01803968,0.01615972,0.018028267,0.016740933,0.013978132,0.014074074,0.010277437,0.012638126,0.02355079,0.021032486,0.023083808,0.040736265,0.018253434,0.0133067835,0.032047473,0.021480309,0.012347597,0.023644045,0.018596305,0.03157852,0.015743952,0.022858433,0.024605071,0.013228581,0.008791245,0.011847623,0.016927414,0.019001262,0.040218767,0.015566356,0.023673799,0.03134529,0.019568939,0.016978092,0.016077349,0.012248343,0.019667806,0.017576162,0.01583732,0.020644229,0.012374565,0.020666124,0.021426603,0.02772058,0.017794298,0.026094576,0.014105448,0.017543146,0.019783031,0.009906221,0.015559298,0.021284005,0.014342982,0.012205185,0.011673356,0.021692552,0.030075816,0.007798328,0.01662392,0.018276792,0.039944254,0.029346507,0.026185758,0.01529577,0.0076192273,0.037897456
0.027214652,0.037885513,0.03743462,0.0635334,0.04031859,0.044906203,0.056971714,0.057256144,0.057992935,0.059090372,0.070502,0.05767277,0.056731045,0.023457522,0.025397496,0.04643697,0.015367057,0.009533085,0.07452534,0.029730288,0.013816236,0.08151796,0.031209657,0.00876121,0.020427566,0.068560004,0.051964253,0.04926076,0.06286796,0.08154622,0.029888155,0.08253868,0.07296798,0.07930616,0.016137797,0.02856838,0.051988572,0.05090744,0.0400354,0.026393734,0.080828585,0.01315376,0.064209625,0.03542114,0.047901534,0.024996739,0.08184374,0.045766037,0.054040216,0.08260736,0.03697301,0.05165326,0.049617942,0.06762373,0.07541581,0.057462808,0.04262421,0.06775436,0.08088794,0.05457993,0.06606988,0.04217606,0.018885082,0.039889622,0.0741251,0.04112118,0.052614097,0.015976915
